smiles,Cv,gap_class
C1C2OC11COCC21,24.332,2
CC1C2C1N1C(C)C21,30.092,1
C1CC2CC1COC2,26.626,2
O=C1CC2C(CC12)C#C,30.971,0
NC1=C(CC#C)NN=N1,30.911,1
CC1CC2C1C2(C)C#N,34.149,2
CC1C(C)N1C(=O)CO,36.256,1
CC(O)C(O)CCO,36.808,2
CC12CCOC3C1OC23,29.743,2
OC1C2C1C(=O)N2C=O,28.839,1
O=C1OCC2CCNC12,28.069,1
O=C1C2C=CC1C1NC21,26.353,1
CC12CN1C1CC21C#C,33.054,1
NC1=C(CO)NC(=O)O1,31.608,0
CC1=C(O)N=C2CCN12,30.384,0
CC12C(C#N)N1CC2=O,30.013,0
CC(C)C(C)C(O)CO,42.635,2
CC1OC(=N)C1(O)C#C,33.963,1
O=C1C2CN2C1C1CO1,28.456,0
CC1CC(C)(C=O)C1=O,34.971,0
C1NC1C1=CN=CN1,24.855,1
NC1=NC=NC(=N)C=N1,28.159,0
CCC(C#N)C(C)C#C,38.058,2
CC(CC1CC1)=NO,32.984,1
OC12C3CC1NC23C#C,30.603,1
OCC(CO)(CO)C#C,38.163,2
CC(C)N1C=NOC1=N,32.442,1
CC1OCCC2(CC2)O1,33.421,2
CC(=O)C1NC11CCC1,33.875,1
COC(=N)NC=NC,31.858,1
CC1C(OC=O)C1C=O,32.732,1
CCC1C(C)C1CC#N,37.407,2
COCC1=NCC(=O)N1,31.345,1
CC1CC2(CO)OCC12,34.16,2
O=CC(C1CN1)C1CN1,32.632,0
CC1CNC(=O)O1,23.489,2
CC(=O)NCC(F)(F)F,32.24,1
C1C23CC=CC12CO3,24.706,1
CC1OC2(CC2O)C1C,36.248,2
CN(CCC(N)=O)C=O,36.238,1
C1OC11C=CC=CC=C1,28.893,0
CN1N=CC(=O)C=C1C,30.955,0
OCC1=CCOC11CC1,33.084,1
N=COC1CC(C1)C#C,33.224,2
CC1OC(=O)C1N,25.429,1
CCC1C(CC)C1CC,42.089,2
OCC(=O)NCC=O,30.04,0
C1NC2=NOC=C2C=C1,26.151,0
FC1=NOC(=N)C(F)=N1,24.397,0
OCC1CC2C3OC1C23,30.009,2
C1CC1C12C3C4C1N4C23,28.285,1
C1C2N1C13CC21CC=C3,28.111,0
CCNC(C)C(=O)OC,38.873,1
N#CC1N=COC2CC12,27.144,1
COCC1OC(C)C=C1,34.878,1
CN1C=NC2(CC12)C=O,30.502,0
O=CN1CC(=O)CC=C1,29.181,0
OC1C2N=COC12C=O,27.977,0
NC1=CNC=C1CC#C,33.894,1
CC1COC2C1NC2=O,30.293,1
COC12CC3C4C3C1C24,29.568,2
C1C2OC2C11CC2OC12,27.977,2
CCC1(CO1)C#C,27.773,2
O=C1C=CCC11CC1,26.285,0
CC1OC11COC11CC1,32.856,2
N=C1CC2(CN12)C#N,24.934,1
CC12C3CN1C(CO)C23,32.133,2
CC1OC(=N)CN2CC12,31.307,1
CNC1=CC=CC(O)=C1,32.714,0
CCC1=CCC(O)CC1,36.592,1
CC12CC3C1C2C1CN31,29.762,2
N=C1NC(C#C)C(=O)N1,29.961,1
CC1=NC(C)=C(CO)N1,34.883,1
CN1CC2(COC2)C1=O,30.979,1
C1CNC2=C(C1)ON=C2,27.383,0
OCC(O)C(=N)NC=O,33.542,1
CC1CC(C)C=CCO1,36.163,1
CN1C(C=O)C(O)C1=O,32.083,0
C#CC12C3C4C3C1OC24,26.736,1
CC1CC2C3CCC3C12,32.879,2
OCC1NCCCC1=O,33.434,0
CC1C2CN3C2C13C=O,30.169,1
CC1C(C)C11CC(O)C1,38.077,2
CCN1C=NC(N)=N1,28.102,1
N=C1NN=NC=CC1=N,27.402,0
CN(CCC#C)CC=O,37.346,0
CN(C)C1=NC=CN=N1,30.331,0
OCC1C2OC1C2C#N,30.045,1
CC1(C)CC1C#CC#N,34.801,1
CC1CC1C(O)CC#N,36.356,2
CC(CO)C1CC(=O)O1,34.226,2
CC1COCOC1C#C,33.173,2
C[NH2+]CC1=CC([O-])=CO1,36.232,0
CC1C=CCC1C#C,30.563,1
CCC1CC23CC(O2)C13,32.579,2
OC1(CC=O)C2CCC12,33.331,1
CCN=COCCC#N,35.139,1
O=CN(C=O)C(=O)C#C,29.638,0
CN=C1ON=NC(N)=C1,31.277,0
CC1CC1N1C=CC=N1,30.749,1
CNC1=COC(=O)O1,25.625,1
COCC1OCC2CC12,32.839,2
CN1C=CC(C)(O)C1=O,34.422,0
N=COC12CC3C1N3C2,28.654,1
[O-]C1=C2C[NH2+]CC2=NO1,26.575,0
CC12C3C=C4CC1C4C23,28.912,0
COCC1=C(C)NN=C1,33.101,1
FC1=NC(=NC=N1)C#N,22.867,0
CC#CC1CC(=N)O1,28.531,1
CC(=O)COC(=N)C=O,32.967,0
O=CC1=C2NCC2CC1,29.582,0
C#CC12C3CC1CCC23,30.643,1
CC#CC(=O)OCC#N,31.659,1
COC1CN2CC=CC12,31.024,1
O=CCC1CCCCC1,34.66,1
C#CCNC1COC1,29.842,1
N=C1NC(=O)C2COC12,26.747,1
CC(C#C)C1C2CC1O2,33.205,2
CC1(CN1)C=O,22.432,1
CC12OC3C1CCOC23,29.897,2
OC12CN3C1C1CC1C23,28.393,2
CC(=O)OCC(O)CO,35.911,1
COC1(C)CCOC1=N,34.38,1
C1CC2NC2C=C1,23.176,1
CC(C)(O)COC1CC1,39.599,2
CC12COC1C(O)CC2,33.172,2
C1CC11CC2OC=NC12,28.337,1
CC1OCC2(C)OC12,29.542,2
CC(OC=O)C(=O)C#C,33.181,0
NC(C#N)C1=NC=NO1,27.198,1
OCC1(CC1)C(O)C#N,34.541,2
CC(O)C1NC1C,30.473,2
CC(CO)CC(C)=O,35.628,1
CC1C2OC3C2C13CO,32.293,2
CC1=CC=CCCC1=O,32.088,0
CC(O)C1OCC2NC12,33.442,2
O=CCC1=CC(=O)NC1,30.243,0
O=CC1OC2C=CCC12,28.172,0
CC(CO)OC1COC1,35.511,2
CC1=CCOCC(=O)C1,32.517,0
CCC1(CO)CC1,30.712,2
CC1=C(F)C(=N)ON=N1,28.631,0
CC12CC1CC2C1CC1,35.126,2
C1CC2C3NC3C2O1,24.672,2
CCC1CCC(C)=C1,33.474,1
O=C1NC(=O)C2CC12,23.519,1
CC12C3C1C1C(O)C3N21,29.413,2
CC(C)C1=NC=CN=C1,31.638,0
C1C2CC3CCCC13O2,29.53,2
COCC(C)(O)CC#C,40.011,2
CCNC(=O)CCOC,38.523,1
NC1=NC=COC1=N,25.695,0
NC1=CC(N)=C(CO)O1,34.126,0
N#CC1=CCC2CC1N2,28.003,0
CC12CC(=O)C1(N2)C#N,30.168,1
C1C2CCCCCC12,30.19,2
CC1CC2=C(O)N=NN12,28.964,1
CC1N2CC3(O)C2C13O,32.653,1
C#CC1CCCC=C1,29.5,1
CC1=NC(N)=NC=C1O,31.847,0
CCCC(C)CO,33.726,2
CCC(C)C1=NON=N1,31.991,1
CNC1(CC(=O)C1)C#N,33.168,0
CC1=NC=NN=N1,20.236,0
CC12CC1C(=O)C21CO1,31.056,0
CC1C2OC3C2C(=O)C13,27.945,0
NC1=COC(=O)OC1=N,28.168,0
CNCC(OC)C#N,32.707,1
OC1=COC(=O)C=C1,24.422,0
C(C1COC1)N1CC1,28.681,2
CC1(CCO)NC1C#N,35.486,2
COCC(C)CC#N,33.35,2
CC12CCC1C1(CO1)C2,33.246,2
CC12COC1C(O)CO2,32.306,2
CC1C2CC2NCC1=O,32.744,0
CCCC1CC1C#N,31.781,2
CC(=O)C1(O)COC1=N,32.761,0
C1OC2CCOCC12,25.868,2
C#CCCCCC1CO1,36.497,2
O=CC12C3CN1CC23,24.207,0
OC1C=CC(=O)C2OC12,28.227,0
CCC1C=C(C)CC1=O,35.463,0
CN1N=NC(=O)C(F)=N1,26.452,0
CC(C)(C)CC1(C)CC1,43.221,2
COC(C)C(C)(O)CO,42.064,2
CCCC1CC1(C)C=O,38.773,1
NC1=CC(=O)C=NC=N1,28.497,0
CCC#CC1CC(=O)C1,34.605,0
OCC1CCC1CC=O,35.391,1
CCOC(C#C)C(C)O,40.09,2
O=C1COCC=CCN1,30.789,0
CC1N2C(C#C)C2C1=O,31.599,0
COC1C(C)OC1C=O,34.251,0
CN1C2CC(=O)C1C=C2,29.559,0
OCC(=O)NCCC#C,36.76,1
CC(C#N)C1(C)CC1O,37.201,2
CC(O)C12NC3C1NC23,31.443,2
CN1C2CC3CC2(C)C13,32.783,2
CC1CCC(=O)N2CC12,31.86,1
COC1(C)C2COC12C,36.267,2
COC1=NON=C1OC,29.757,1
O=CCC1CCC1C=O,32.815,0
NC1=NC(=CO1)C1CN1,29.431,1
CNC1=NC=NC=C1N,30.921,0
CC1CC(=O)C1CCO,36.463,0
OCCC#CC(O)C#C,36.855,1
CCC1N(C)CCC1=O,35.799,0
OC1C2CN2C2CC12O,31.66,2
C1C23COC12COCC3,29.18,2
C1OC2C1N1N=CC=C21,24.215,1
CC1NC1C(=N)NC=O,32.706,1
NC(C#N)C1=NC=CN1,29.098,1
OCC(O)C1CC2CC12,34.644,2
CC1=NN(CC=O)N=C1,29.801,0
N#CC1COCC=C1,25.827,1
CC1C(O)CC1(C)C,36.153,2
O=C1COC11C2CC1C2,28.059,0
CC1=C(C=O)C(=O)OC1,29.499,0
CC1OC23CN(CC2)C13,30.948,1
OCC1(CN1)C#CC=O,32.826,0
COC1CC2CC1C2=O,30.837,1
CC12C3CC1OCOC23,29.663,2
CNC(=N)C(=O)C#C,30.534,0
COC(CC#CC)C#N,36.022,1
N#CC1CN2C=CN=C12,25.668,1
COC1(C)CC1(N)C#N,36.974,1
CC1OCC2C3OC3C12,29.556,2
CN1C2CCCC12CO,35.089,2
COCC12CC3C1CC23,32.054,2
COC12C3OC1CC23O,31.109,2
NC=NC1=NC=CO1,25.439,0
O=CCCCC(=O)C#C,34.448,0
CC1CNC(NC=O)=N1,31.531,0
CC1C(O)C(=N)N1C=O,32.845,1
CC1=CN=C(F)C=C1C,30.778,1
CN1C2C3CC(O3)C12C,31.838,2
COC(C)CC(O)C#N,37.803,1
O=C1COCC11CCC1,30.579,0
CN=C1CN(C)CCO1,34.24,1
CN1CC1C1(CO1)C=O,32.688,0
COC1CC2NC2(C)C1,34.992,2
[NH3+]C12CC1OC2C([O-])=O,30.804,1
OC1C2NCC(=O)NC12,29.696,1
CCCC(O)CO,31.768,2
OCCC12CC1C(=O)O2,31.439,1
CC1=C(C)CC(C)(C)C1,40.308,1
CC1=NC=CN1C(N)=O,30.619,0
C1CC1C1CCCCO1,33.752,2
C1C2N1C13CC21OCC3,28.4,1
C1COC2C3OC2C3O1,26.81,2
CCC1(C)NCC1=NO,37.54,1
CC1=CC=NC(=O)N1,25.285,0
OCC1COC1,21.983,2
OC12CC1(CC2)C1CN1,33.192,2
CC12C(O)C1(O)C1CN21,33.12,2
CCC1(CO)CC(C)C1,40.405,2
O=CCC(=O)C1COC1,31.006,0
CC1CCC2OCC12,28.753,2
N#CC12CC1CN1CC21,28.525,1
O=C1CC23CC2(CC3)N1,29.257,1
OCC1OC(=N)C(=N)O1,29.412,1
NC1C(O)C(N)C1C#N,34.102,1
O=C1CN=C(O1)C#C,23.905,0
OC1COC2=C1NN=N2,26.382,0
NC1C(OC1=O)C1CO1,30.075,1
CCC1(C)C2CC1(C)C2,38.614,2
OC(CC#C)C=O,26.591,1
CC1C(C)C1C(=O)C=O,34.954,0
NC(=O)C1CC2CCN12,32.139,1
N#CC1CCC11CC1,28.19,2
CC1N=COC1(C)C#N,31.941,1
FC1=NC(=N)N=CN1,22.476,0
CCCC(O)(CO)C=O,39.175,1
CC1C2C=C(CN12)C#C,32.088,0
CCN1C2CC1C2C#N,31.998,1
CC1C2C3C1=CCC23C,33.339,0
CC1=CC=C(F)C=C1C,32.016,1
CC1C(O)C1CC(N)=O,36.749,1
C1CC2=CON=C2C1,23.389,1
CC#CC(O)C#CC,33.6,1
CC12OC(C=C1)C1NC21,29.19,1
CC1CCC(CO)C1=O,34.524,0
OCC1CC11CCC=C1,34.054,1
CC1C2CN2C2COC12,30.015,2
CC1=CCC2(OC12)C#N,30.006,1
CC(=O)C1N=CNC1=O,29.698,0
OC1CC1C1=CON=N1,28.395,0
CC(C#N)C1=CN=CO1,28.555,1
CC1C(C)C1CCC#N,37.45,2
CC#CCOCCO,33.302,2
N#CC1CC2CCCC12,30.487,2
CC1CC2CC(=O)C2O1,31.177,0
CC1CC11COC(=N)O1,31.271,2
O=C1NN=CC=NC1=O,25.576,0
OC1C2CCOC=NC12,30.12,1
CCCC(C)CCC#N,40.005,2
N=C1OC2C3CC12C=C3,27.182,1
ON=C1CC2(CN2)C1O,32.955,1
NC1=NC(C=O)=NC=N1,27.176,0
OCC(O)C1(O)CCC1,36.888,2
OCC1CC2(CN2)C1,30.733,2
C1CC1C1=NON=C1,23.892,1
CN=C(N)C1=NOC=N1,29.656,0
O=CCC1C2CCC1O2,30.057,1
NC(=N)C(=O)OC=N,28.492,0
CC12CC(C1)C21CCC1,33.998,2
CC12CC=C3CC1(O)C23,32.467,0
CCC1OC11COC1=O,31.047,1
O=C1C2CN3C2C13C#N,25.691,1
CC12COC1CO2,23.778,2
CC1C2C(O)C1C2=O,28.525,1
CC1C(C)N1C1COC1,35.574,2
O=CC12CNC1CN2,26.668,0
N=C1OCC1(C#C)C#C,31.711,1
NC(=O)CC1NCC1=O,32.184,0
CC12CC1OC(C=O)=N2,29.755,0
O=C1C2C3C1NC23C#N,25.964,0
C1CC23CCC4N2CC134,28.94,1
OC1=COC(=N1)C1CC1,29.246,0
N=COC12CC1CC2,28.019,1
COC12CC1CCOC2,33.165,2
O=C1NC2(CNC12)C#C,30.145,1
CC#CC1(O)C(O)C1O,36.521,1
COC1C2NC1C1OC21,29.025,2
CC1=C(O)C=C(N)O1,30.328,0
CC1C(C)N2C1CC2=O,32.955,1
CC1OC(C#N)C1(C)N,35.693,1
CC1C2C(C#N)C2C1=O,30.231,1
CN=C(N)N(C=O)C=O,33.764,0
CC1C2CC(O)C1C2C,35.832,2
CC1C(CC=O)CC1=O,34.05,0
CC(=O)C1CC2OCC12,31.567,1
O=COC(CC#N)C#N,29.831,2
CCC1=CC=NC(C)=N1,32.172,0
N#CC1C2C3CCC2C13,27.647,2
C1OC23CCC4C2CC134,27.771,2
CC1C2C1C(O)CC2C,36.374,2
OCC(CO)COC=N,36.879,1
O=CC12CCC=C1CN2,30.035,0
CC(C)C1COC1C#N,34.728,1
CC1=NCCCCCO1,34.374,1
OC1CN2C(CC=O)C12,31.765,0
CN1CC(C1)C(=O)C=O,32.422,0
CN1CC=CC2OCC12,30.952,1
O=C(C#C)C1=CNC=C1,29.036,0
CC1C2CNC(=O)N12,26.87,2
CC1(O)CC1OC=N,31.86,1
OC1C(CC11CN1)C#N,31.655,2
CN(CCC1CO1)C=O,34.508,1
OC1C2NC2C(O)C1=O,30.615,0
CN(CC1CN1)C(N)=O,35.673,2
CC12CC3(C)OC1C3O2,31.356,2
FC1=NC(C=O)=CN=C1,24.868,0
O=C1CC=CC1C1CC1,31.354,0
CC12OCC1C21CCO1,31.551,1
OC1(CC#N)CCCC1,33.906,2
NC1=C(NC=O)C=CN1,31.34,0
CC1(C)CC1CC(N)=O,39.136,1
CCC1=NC=C(C)C=N1,32.122,0
CN(C=O)C1=NC=CN1,29.863,0
OC1COC1C(=O)C=O,29.926,0
C1C2OC3CCOC2C13,27.04,2
N#CC1NC11CC=CC1,29.67,1
CC1CCC2CCC=C12,33.22,1
CC1C2CC3(O)CC1C23,32.86,2
O=CN1CC11CNC1=O,29.296,1
CC#CC1=CON=C1N,31.247,0
O=CC(=O)C#CC1CC1,30.998,0
OC1CC2OCC12C#N,29.525,1
O=CC12CCC3CN1C23,28.434,0
NC(=O)C1CCC(O)C1,34.94,1
CC12C3N1C1CC=C3C21,28.954,0
C1CCC2=C(C1)OC=N2,27.533,1
OC1C=CCC2CC12,28.269,1
O=CC(=O)C1=CN=CO1,25.409,0
ON=C1C2NC1C2C#C,30.614,1
C1NC1C1=NC=CN=N1,26.205,0
CC1=CC2(CN2C1)C=O,31.462,0
CC12CC(O1)C1NC1C2,30.699,2
CN1C=C2CCNC2=C1,30.774,0
CC(=O)COC(=O)CO,34.432,1
CC1C2NC(=O)C1C=C2,29.622,0
N=C1NCC2=C1N=CN2,26.661,1
OC1C(=N)NC=C1C#N,29.617,0
CC1=CCNC=CC1=O,32.0,0
CCC1(OC1C#N)C#N,31.642,2
OCC#CC1CC(=O)O1,30.811,1
OCC1CC2C(O)C2C1,34.203,2
CNC1=C(C)OC=C1C,35.628,1
O=CC(C=O)(C#N)C#N,29.521,0
CCCC(C)COCC,42.974,2
COC(C)C1CN1C,34.577,2
OC1=NC=CN1C1CC1,30.023,1
NC(=O)C1OCC1O,28.676,1
O=C1OCCC2CCC12,29.426,1
CC12C(O)CN1CC2=O,32.699,0
COC1CC1(C)C(C)C,41.449,2
C#CC1N2CC2C11CN1,30.842,1
N=C1OC2C1CCC2=O,27.818,0
CCOC1=CC(C)=CN1,35.289,1
CCC(O)CCCC#N,38.743,2
CC12OCC1(N)C2C#N,32.994,1
CC(NCCCO)C#N,38.219,1
N#CC1CCCOCC1,32.156,2
CCCC12OC3CC1C23,32.678,2
CCN1C=C(O)NC1=O,33.237,1
CN1C2C3OC2(C=O)C13,29.25,0
CC1C2C1C1C3CN1C23,29.127,2
OC1(COC=NC1)C#C,31.654,1
CC12C=CC(=O)C1C2O,31.474,0
CN1C=NOC(=O)C1=N,28.098,0
OC1C2OC1C1CC2O1,26.815,1
COC1=CN=CN1,22.668,1
NC(=O)C1(O)C2CC1O2,30.641,1
CC(CO)C12CC1CC2,36.958,2
CC1C2N(C)C1C2=NO,34.242,1
N#CC12C3OC1C=CC23,25.659,1
NC1(CC11CCC1)C#N,33.596,2
NC1=[NH+][C-](C=O)C(=N)N1,31.641,0
NC1=CC=CN1CC#N,30.836,0
CCC1=CCC2CC1O2,32.073,1
CCC1=NCC(N1)=NC,34.977,1
CN1C=CC2=C1NN=N2,27.37,0
CC1C(C)C(=O)OC1=N,32.283,1
CC(C)N1N=CC=C1C,35.078,1
CC1(C)OC(C#N)C1O,35.083,1
NC(=O)C1=CNC(=O)O1,28.802,0
COC1=CC=NC(C)=N1,30.395,1
CC#CC1(CC#N)CO1,33.089,1
CC1=CC2(CC2O)OC1,33.781,1
OCC1CC2(O)CC12O,35.719,2
COC1(C#C)C(C)C1O,37.689,1
CC(=O)NC1CC(=O)C1,33.778,0
CC(O)C1OCC1C#N,33.392,1
COCC1=C(C)NC=N1,33.224,1
CC12CN1C(=N)OC2,26.892,2
CC1=CCC2=NNC=C12,28.954,0
CCC1=NC(=N)C=NN1,30.714,0
CN1C2CCCC(=O)C12,32.062,0
O=C1C=CC2NC12C#N,26.562,0
CC#CC(=O)C1NC1C,34.784,0
C1OC2CC1C=CC2,25.28,1
CCC1(COC1=O)C=O,31.901,0
CCOC(=O)C(F)(F)F,30.99,1
CC1C2NC2C=CC1O,32.211,1
C(C1CCCC1)N1CC1,34.588,2
CCC(O)CC1CC1C,41.038,2
CCC1CC(C#N)C1O,35.103,2
C1CC=CC2NC2CO1,30.917,1
O=COC1CCC11CN1,31.201,1
CC(C)NCC(=O)C#N,36.522,0
OC1CC2CC1C21CO1,30.185,2
O=C1OCC2C3NC1C23,26.215,1
CC(=O)CN=C(N)CO,36.383,0
CC12C3C(N)C1N=CN23,30.244,1
CC1C(O)CCC1C#N,34.224,2
COCC1(CO1)C(N)=O,34.164,1
CC(=O)C12CC3C1N3C2,30.269,0
COCC1(CO)CC1C,38.862,2
OC1(COC2CC12)C#N,30.135,1
CC1=NC(=N)N=C(O)N1,29.793,0
CC(=O)CC1C2CCC12,33.885,1
CCC(C)O,23.99,2
CC1CN(C)CC1=O,30.89,0
CCC1(CC)CCOC1,38.154,2
NC(=O)C#CC#CC=O,31.138,0
CC12OC(=O)C1C2O,27.343,1
CC12CC(=O)CC1C2O,33.327,1
C#CC1C2CN1C2C#N,28.998,1
NC(=N)NC(=O)CC#N,32.8,0
OCC1C(O)COC1=O,31.297,1
N=C1CNCCOCO1,31.263,1
CC#CC1C2CC2C1O,34.164,2
CC1COC(O1)C(N)=N,33.56,1
NC1=CC(=N)N(C1)C=O,30.974,0
NC(=O)C(CC=O)C=O,32.879,0
CC1C2CCCCC12O,35.891,2
NC1=CC([O-])=C(C[NH3+])O1,37.748,0
CCC1CC2CC1C2=O,32.504,1
O=C1NC=C(O1)N1CC1,28.328,1
CC1(CN1)C1OC1C=O,32.745,0
N1C=CC2=CC=NC2=N1,23.981,0
OCC12NCC1OC2=O,29.624,1
CC1(O)CC2CC1(O)C2,35.084,2
OC12CC3C1C2C3C#N,28.988,2
CCO,13.546,2
CCC1(C)OC2COC12,34.2,2
COC1CCC(=N)OC1,33.038,1
CCC1C2CC1(C)C2C,38.485,2
NC1=NNC=C(O)C1=N,31.56,0
O=CC1C2C3CC(C3)N12,27.96,0
CCC1=CCC(=O)C1=O,31.432,0
CCC1=NC(C)(C)CO1,36.819,1
CN=C(C)OC(=O)C#N,32.846,0
O=CCC1C2NC(=O)C12,29.353,0
CC12NC1C(C=C2)=NO,31.47,0
O=C1C2C3CC4C1C2N34,24.628,0
O=C1[CH-]NC2=C1C[NH2+]C2,29.938,0
CC1C2N3CC3C12C=O,31.173,0
CCC12CN1C(C2)C=O,33.564,0
CC(C)C1=NOC=N1,27.457,1
COC1OC(=O)CC1C,32.92,1
CN1C2C3C=CC2(C)C13,32.402,0
C#CC1NC2=NCCC12,29.845,1
CC1(C)OC(=O)C11CC1,34.026,1
N=C(C#N)N1C2CCC12,29.44,0
OCC1C2COC(=O)C12,29.661,1
C#CC1(OC2CC12)C#N,29.696,1
NCC1N=C(N)NC1=O,32.669,1
CCC12CC1COC2,30.053,2
O=C1C=CC2OC2C=C1,27.086,0
CC1CN(C)C1C=O,31.685,0
CC(C)CC(F)(F)F,31.617,2
OCC1CCC=C1C#N,31.912,0
NC1(CC#N)COC1=N,31.658,1
ON=C1CC2C3CC1N23,28.365,1
CC1(C)CCC(=O)OC1,34.825,1
CC1C2CC1C=CC=C2,31.663,0
NC1=C(N)N=CC(=O)N1,30.481,0
CC12COC1(C)C2C#C,35.481,1
CC1NC(C#C)C11CO1,33.635,1
N#CC12CC1OC=NC2,27.525,1
COC1C2OC1C2OC,32.715,2
CC1NC1C1=NON=N1,27.869,0
C(C1CC1)N1C=CC=N1,30.068,1
CC1CC(C)(C)CC=C1,38.705,1
OCC(O)C1CCC1O,37.521,2
CC(O)C#CC#CCO,36.478,0
CC1=C(N=NO1)C1CN1,29.103,0
CCCC1CC(C)C1=O,37.718,0
CC(=O)C12CC1CC2O,33.914,1
CC1(C)OC(C)(C)C1=O,38.821,0
CC(CC(C)C#C)C=O,38.938,1
OC1CC1C1=NC=NO1,27.723,1
C1OC23CCCC2OC13,28.679,2
C1OC1C1C2CCC12,27.277,2
COCC1CCC2CN12,33.496,2
CC1=CCCC(O)C=C1,34.94,0
CN1CC1C1=CNN=C1,30.236,1
CN1C(=N)CN=C1CN,33.716,1
CC1CCC2C3CC12O3,31.654,2
C1C2OCC3CC12C=C3,28.36,0
CC1CC2C3N2CC13C,33.18,2
NC1=CC(=CN1)C#N,26.319,0
O=C1C2CC1(C=C2)C#N,27.234,1
CC1C2C(C#C)C1C2=O,32.013,1
CC12CC(OC1)C2(C)C,36.252,2
OC1=CN(CC=O)N=C1,29.779,0
CC1(O)CC2CC(C1)O2,33.301,2
OC1C2N=COC2C1=O,26.718,0
CC(O)CC1CCC=C1,36.759,1
CN1C(=O)CC11COC1,31.266,1
CC1=C(F)C(=O)N=CO1,27.379,0
N=C1N=COC(C=O)=N1,25.3,0
CC(COCCO)C#C,38.68,2
CC(O)C1(C)CO1,29.333,2
CC1C2C(C)CC12C=O,35.032,1
CC1(CO)C2CC1C=C2,33.917,1
OCC1C2OCC12O,29.127,2
NC1=NON=C(F)C1=N,27.842,0
CC12OC1C1NC2C1=O,28.281,1
N=CN(C=O)C=O,23.0,0
OCC(CO)C=O,28.588,1
O=C(C#C)C1COC1,27.121,0
OCC1=CC(=N)ON=N1,29.349,0
O=C1CC(N1)C#C,24.013,1
NC1=C(N)N=C(O1)C#C,31.54,0
CC1CCN1C(C)=O,31.691,1
CCCCC1=CN=NO1,32.33,1
CC1(O)CC1(C)CO,36.147,2
CC1=CNC2=NC=NN12,26.97,1
OC12C3C4C=C1CC2C34,28.012,0
CN1C(CC#N)CC1=O,31.9,1
CC1=C(NC(=O)N1)C#C,32.195,0
OC1(CC=O)COC1=N,31.113,1
CC(CCC1CO1)C#C,37.171,2
CC12NC3C1CC23C#N,29.796,1
CCC12CC1OCC=C2,33.504,1
CC1(COC1)C(O)C=O,34.087,0
CC1C2NC1C(=O)C2=O,28.742,0
C1C2OC3C4CCC13C24,26.333,2
CN(C)C1=NC(O)=CN1,34.214,1
CCC1C=CC2OC12,28.299,1
CC12C3N1CC2(C)C3=O,31.763,1
CCCN(C)C(=O)CC,40.474,1
CN1N=CC(CC#N)=N1,28.604,1
OC12CC3CC1N1C3C21,27.257,2
OC1C=C(C#N)C2OC12,27.724,0
OC12C3CC(NC1=O)C23,28.302,1
COC1OC=NC1CO,31.841,1
CCC1(O)COCC1=O,34.079,0
CN(C=O)C(CO)C=O,34.967,0
CN1C2C=CC(=O)C12,25.844,0
CC(CN1CC1)=NO,31.843,1
CC12CN3C1CC23CO,32.876,2
N=C1ON=NC=C1C#N,25.971,0
CCN1C2C3NC3(C)C12,33.86,2
O=C1CC(CCC#N)C1,32.531,1
CC1CC2(C#N)C(O)C12,32.85,1
C1C2NC2C2=CC=NN12,25.135,1
CCC(=O)N(C)CC#N,35.765,1
O=C1CC2C1CC21CO1,29.292,0
CC1OCC2(C)CC1O2,33.362,2
CC12CC3CCC1CC23,32.065,2
O=C1C2CC3CCN1C23,26.858,1
CC1CC1C1(C)CO1,32.84,2
N=CN1CC2NC2C1=O,28.399,0
CC12OC1CCC2(C)C,37.054,2
C1CC23NC(C=C2)C3O1,27.599,1
OCC12CN3C1CC23,26.994,2
C1CC(C1)C1=NON=N1,27.091,1
CC(C)C1OC1C(N)=O,37.169,1
CC#CC#CC(C)C,34.391,1
CN1CC(=NO)C1C#C,34.262,1
CC(O)C1C2CC(C)N12,36.793,2
CCCC1CC2OCC12,34.529,2
CC1C2C3COC2(C)C13,32.36,2
O=COCC1(CO1)C#C,31.67,1
CC1(C)NC(C#N)C1O,35.88,1
CCC#CCCCC#N,36.725,2
COC1CC2C3CN3C12,31.154,2
CCC(=O)OC1(C)CC1,37.007,1
CC1(CN1)C#CCO,31.974,1
OC1C(O)C1CNC=O,33.94,1
N=C1OCC1C=O,22.032,1
CC1C(O)C1N1CC1C,36.869,2
CC1(C)C2CC(CO)N12,36.587,2
COC12CC1C(O)C2C,36.257,2
CC12CC(C1)COCC2,33.457,2
CC1C2C(O)C2C1(C)C,38.238,2
O=C1CCC2NC12C#C,30.424,0
COCC1CN1C(C)C,39.426,2
CC12CC3C=CC1C3O2,28.994,1
C1C2CC3C=CC2C13,23.917,1
OC12CC1C1C3CN1C23,28.159,2
COC1=CN=NO1,21.71,0
CC(O)C(=N)OC(C)=O,35.708,1
OC1CC2CC1C1OC21,29.02,2
COC1C2OCOC12C,32.728,2
CC1(O)C2CC11CCC21,33.813,2
CCC(O)(CCO)C#N,38.863,2
C(C1CO1)C1=CN=NO1,27.411,1
CC(C(N)=O)C(=O)C#C,34.589,0
CC12C3NC3C3C1CC23,29.549,2
O=C1C2CC3CC2C1O3,25.965,0
OC12CCC11OC2C=C1,29.18,0
CC(O)C(C)(C#C)C#C,39.842,2
CCC1OC1C#CC#C,34.541,0
CC(O)C(=O)C(O)C#C,36.354,1
OC1CC1C12CCC1O2,32.293,2
OC1=CC(C#C)=C(O)N1,32.909,0
COCC(O)CC(N)=O,37.426,1
COC=NC1=CNC=N1,29.959,0
CCN1CC2(CC2)C1=O,33.692,1
O=C1OCC2CN2C=C1,27.878,0
O=C1CCC23CCC12O3,28.472,0
CC#CC12C3C4C(C13)N24,29.028,1
O1C=NC2=NC=CC2=N1,22.703,0
CC1(CO1)C1NCC1=O,32.415,0
NC(=[NH2+])C(CC=O)=N[O-],33.927,0
O=C(C#N)C12CC(C1)N2,28.119,0
COC1=NNC(=N)N1C,32.486,1
OC1C2OC(C=O)=NC12,27.764,0
NC1=C(N)C(=NO1)C#N,29.761,0
COC1C2OC(=O)C12O,30.638,1
COC1=NOC(=N)O1,24.399,1
NC(=O)OC(CO)C=O,33.766,1
CC1OCC1COC=O,32.973,1
CC1(C)CCCOCO1,36.286,2
O=C1C2C3OC1(C#N)C23,25.43,0
NC1=CN=NN1CCO,32.092,1
CC1CC2(O)C3NC3C12,33.224,2
CCC(CC)CC(N)=O,41.522,1
FC(F)(F)CC#CC#N,28.186,1
CN=C1NC=NC(O)=N1,28.66,0
CC1=CC2COCC1O2,29.782,1
N#CC1CCC2NC12,25.855,2
CC1(O)C=CCC1C=O,34.44,1
CC12CC3OCCN1C23,30.575,2
O=C1ON=C(C=N1)C#C,26.268,0
C1NC1C1=NOC=C1,23.84,1
N=C1OC2C1COC2=O,25.704,1
CN1CCOCC1C#N,31.822,1
CCC(COC=O)C#C,36.227,1
OC1C2C1C1=CN=CN21,26.589,1
CCN1C(C)C1C#CC,38.822,1
CC(=O)N1N=COC1=N,28.469,0
CC12CC1C1(CC21)C#N,31.631,1
O=CC1NC1(C#N)C#N,28.732,0
O=CC(=O)OCC1CO1,30.146,0
NC1=NN=C(F)N=C1,23.135,0
CC1CC2=C(N1)ON=C2,28.544,0
CC1C(=O)C2(C)OC12C,35.373,0
COC1CCC(C)CO1,35.751,2
CO,8.751,2
C#CC1CCC=CC1,29.399,1
COC1(CC1)C1CO1,30.487,2
CCCC(C)C#CC#C,39.431,1
OCC1=C(C=CO1)C#C,30.856,0
COC1CCC2CC1O2,31.812,2
CC1[NH2+]C1CCC([O-])=O,33.912,1
COC1CCC(C)C1O,36.974,2
CC12COC11CN2CC1,31.15,1
CC1(C)C2C3C(O)C3N12,34.544,1
CCNC(=N)C=O,27.725,0
OC12C3N=CN(C13)C2=O,25.966,0
OCC1CN2C=NC=C12,28.705,1
CCOCC1NC1C,34.092,2
OCC1OC11CCCC1,33.773,2
CC1CC(CN2CC2)O1,34.593,2
CC1C2CC3(C)CC1C23,33.901,2
O=C(CCC#N)CC#N,31.85,1
CC(C)C1NC1(C)C=O,38.393,1
CC1(CCO)COC1=O,34.464,1
CC1(CO)OC1C(N)=O,35.738,1
OC1C(C=O)C=CC1=O,29.303,0
COCC1C(O)C1OC,37.069,2
CN1C2C3OC3C2C1=O,28.124,1
OC1CCC1CC1CO1,34.352,2
CCC12CC(C)=CC1N2,35.301,1
O=C1CC2OCCOC12,28.452,0
CC1OCC(C#N)=C1C,32.957,0
CC12CCC(N1)C2=O,27.614,1
OC12CC1C1C2NC1=O,29.447,1
COC1C(C)OC1C,33.079,2
CC(=O)CC1=NC=CO1,29.641,0
CN1C2CC1(CC2)C=O,32.167,0
N#CCOC1=CON=C1,26.669,1
COC12CC3C1C2C3O,32.104,2
OC1COC(=N)C11CN1,30.688,1
OC12CC=CC1C1OC21,29.075,1
CC1C2OC1C2(O)CO,34.216,2
OC12C3C4CC1CC2C34,28.862,2
C1C2CC3=C(CCC3)C12,30.227,1
CC1=C(O)C=NC=C1O,31.48,0
CC(C=O)C(C)C1CC1,38.489,1
CC1C(C#C)C1N1CC1,35.478,1
COC1CC=CC(=O)C1,32.319,0
CC1C2CC1(CO)O2,30.053,2
O=CC1CCC2OCC12,29.829,1
C1OC1C1=CC2NC2C1,29.239,1
CC1C(O)C2OCCC12,32.564,2
NC1=NOC(=N)N1,22.46,1
CCN1C2CC(O)C12,30.862,2
CCC1=NC(N)=NN1C,34.053,1
CN=C1N=CON=C1F,27.156,0
CC1(C#N)C2OC=NC12,28.274,1
CC1(O)C(=O)CNC1=O,32.189,0
CCC#CCN1CC1C,37.91,1
CC1CCCC2CC1O2,33.143,2
CC1OCCC(=O)C1O,33.431,0
CC12CC(C1)CN=CO2,31.365,1
COC1COC1C(N)=O,33.117,1
CC1=CC2(CCC2)CC1,34.733,1
O=C1CCOCO1,21.446,1
O=CCC1CC2(CC2)O1,32.665,0
N=C1CC(O1)(C#N)C#N,27.993,1
O=C1OC2CC(C2)C=C1,27.745,0
CC1(CC(=O)C#N)CC1,33.987,0
N=C1OC2(CC2)C=C1,25.787,0
CC1CN(C=N)C1=O,28.486,1
OCC1=CC=CC(=O)N1,30.039,0
COC1CN2CC(=O)C12,30.892,0
CC1CN1CCCC=O,36.76,0
CC1C=CC2COC1O2,29.462,1
OCC(O)(CC#N)C#C,36.205,2
CC12CCC1(N2)C#N,28.176,2
CC(C)C1C2C(O)CN12,36.356,2
CCN1CC2(O)CC12C,37.556,1
CC1(C)CCCC1=NO,37.2,1
CC1(O)CC11COCO1,33.195,2
CC(C)C1CCC1(C)C,42.178,2
CCC1(C)C2CN2C1C,38.205,2
OC1C=CC2(CN2)C1O,31.998,1
[NH3+]CC(O)C(O)C([O-])=O,34.886,2
C1C2OC22CC1CCC2,29.785,2
CCC1OC(=N)CC1O,34.517,2
N=COC1=CN=CO1,23.172,1
COC(C)COCCO,38.981,2
CC1(O)CC(=O)CC=C1,34.248,1
O=C1NC=CN=CC1=O,26.281,0
NC1=C(OC=N1)C1CC1,30.398,0
CCOCC12CC1CO2,34.202,2
CC(NC(N)=O)C#N,31.046,2
CCC1(NC2CC12)C#N,33.103,1
N#CC12NC3CC1NC23,26.287,1
CC1CC(=O)C(=O)CN1,32.206,0
CCC1OC1C1(C)CO1,36.096,2
CC(=O)C1CC(C1)=NO,34.119,1
CC12CC(CO)(C1)CO2,34.423,2
OCC1(CC#C)COC1,34.729,2
COC1(C)C(C)C1C#N,36.96,2
NC(=O)C12CC3C(O1)C23,29.206,1
CC1=CC2(C)C3CC1C23,32.896,1
CC1=NNC=N1,18.13,1
CCCOCCC(N)=O,39.265,1
CC1(C)COCCO1,31.541,2
OCCC(CO)CCO,40.916,2
CC1(C)C(O)C1OC=N,37.217,1
C1CCC2=C(C1)NN=C2,28.733,1
NC1=CN=C(NC=O)N1,29.719,0
CC1C2CC1C(=O)CN2,31.779,0
CC(=N)OC1CC1(C)O,37.471,1
CC1OC=NCC2NC12,31.033,1
OC1=CNC=C1CC#C,32.586,1
N=COC1=NC=NC=C1,26.092,0
CC12C3C4C3C1OC24,24.53,2
CC1N=COC1CC#C,32.701,1
CC1C(O)CC1O,29.144,2
OCC(O)CNCC#N,35.818,1
CC12CC3(C)C(CC13)C2,33.849,2
CC#CC1=NCC(=O)O1,29.036,0
O=C1OC2(CC12)C1CC1,29.499,1
CC(=N)OC(C#C)C#C,35.417,1
CC1CC(C#N)C1C,31.63,2
O=CCC12CC1C(=O)O2,29.049,1
O=C1C=CC2CC1CO2,27.123,0
CC1CC=C2CCC2C1,33.816,1
CN1C=NN=C1,17.816,1
COCC1(CN1)C1CC1,35.715,2
NC1(CC2OCC12)C#N,30.598,1
O=COC1CCCOC1,31.164,1
CC1(OC=O)C(O)C1O,34.893,1
C#CC1C2CCN12,23.755,1
OCC1=C2COC2CC1,31.634,1
O=CCC1CC(=O)N1,27.743,0
CC1(CN1)C(O)CC#N,35.58,2
CCC12CC1OCOC2,32.997,2
CC1(C)C(C=O)N1C=O,34.604,0
CCC12CN3C1C2C3=O,30.362,1
CC12CC(CC1(C)O)O2,35.443,2
N1C=CC2=C1C=CC=C2,26.503,0
CN(C)CC(=N)NC=O,35.558,1
CN(C)C12CC1CC2=O,34.307,0
CN1CCC1(C#N)C#N,31.625,1
CN1CCC1CC#N,29.987,1
CNC1=CN=C(F)N=N1,28.048,0
O=CCC#CC1CO1,27.93,1
OC12COC1=NC1CC21,28.153,1
C1C2NC3=NCCN1C23,27.317,0
CC1OCCCC2OC12,32.701,2
NC(=O)C1=NCC(=N)N1,30.29,0
N#CC12CC1C1CC1O2,28.126,1
COCCC#CC#N,29.714,1
CC1N2C3CC3C12C#C,32.847,1
CC1C=C2COC2C1O,32.133,1
CC12CCC(O1)C(=N)O2,29.712,2
CCOC1COC1=O,28.256,1
CC(CO)CC1CO1,33.58,2
CC1=CCC2CC(C2)C1,33.459,1
NC1=CC(=N)C=NC=N1,29.221,0
CC1OC11C2C3OC1C23,28.905,2
CCCC#CCC(C)O,40.943,2
CC1NC1C12CC1CO2,32.529,2
CCC12CC3(C)OC1C23,34.176,2
CC12NC1C1OC21C#C,31.642,1
CNC1=NC=C(F)C=N1,28.92,0
CNC(C)C(=O)OC,34.002,1
CC1C2CC1C(C)(O)C2,36.076,2
CC12CC1(C=O)C(=O)C2,31.819,0
OC1C=CC(=O)C11CO1,29.311,0
CC12OCC1NC2C#C,32.781,1
COC1C2CC1C(=O)N2,30.471,1
CCC1=CC(CC1)C#C,35.731,1
CCNC(CCO)C#N,37.84,1
OCC1OCOC1=O,25.905,1
C1OC2C3CC12OCO3,27.301,1
N#CC12CC1OCCC2,30.183,2
CC12C3OC1C(O)C23O,32.036,1
CC1=CNC=C1N(=O)=O,28.888,0
O=C1COCC2NC2C1,29.712,0
CC(C=O)C1(O)CCC1,36.782,0
NC(=O)C1C2NC2C1=O,29.828,0
ON=C1CC=C2CCC12,30.716,1
N=COC(=O)C#N,21.441,0
CC(C)CCCC#N,35.062,2
O=COC1C2CC1CC2,29.653,2
OCC12C=CC3C1OC23,29.367,1
OC1CN2C=CC=C2C1,29.557,1
CCC1NC(=O)C(C)=C1,34.877,1
CC(O)C1C2CC1C2=O,33.047,1
N=C1OCC2CC(=O)C12,27.896,0
CC1C2C3NC3C1C2=O,29.511,1
CC1(CCOCO1)C#N,31.699,2
CC(=O)CCCC(N)=O,37.777,1
CC(C)CC1(C)CCC1,41.432,2
C1OC1C1C=CC2OC12,28.27,1
CN=C1CC2CN=CN12,29.522,1
N=C1OC=C(O1)C=O,23.001,0
COC1=CNC=C1C#N,29.9,0
CC12CC(=O)CCC1N2,32.526,1
CC12OC3CC=CC1C23,29.973,1
CC(O)C(=N)N(C)C=O,36.21,1
CC1CC2CCOC1O2,30.898,2
CCCC1CC(O)C1O,38.288,2
CC1COC2CC3C2C13,30.795,2
CCC12CC(C1)C2=O,28.918,1
CN1C=NC(CO)C1=O,31.262,1
CC1C2CCC1C(=N)O2,30.59,2
C1NC1C1=NC=CN=C1,26.756,0
OCCOC1=CNC=N1,30.949,1
CCC1NC(=O)C1CC,37.053,1
CCCC#N,19.863,2
CC1(CC=O)CCO1,30.71,1
CC(O)C12CC1(C)CC2,38.145,2
CNC1=NC(O)=CN1C,33.54,1
NC(=N)C1=C(N)N=NO1,30.392,0
O=C1NCC2OCC2N1,28.255,2
CC12CCCC(O1)C=C2,31.84,1
NC1=CNC(O)=NC1=N,30.553,0
OC1=COC(NC=N)=N1,29.027,0
C1OC2C=CC3OC2C13,25.444,1
N=C1CC2(CO2)CCO1,30.131,2
CC(C)C1(CC=O)CO1,36.956,1
CC1(CN2CC2)CC1O,36.999,2
OC1C2OCC3(CO3)C12,29.479,2
CN=C1OC2CCCC12,31.351,1
NC1=C(C#N)C(=O)OC1,28.771,0
CC(O)C1=NC=NO1,26.218,1
CC1=C(C#N)C(O)=NO1,28.566,1
CC#CC1OC1C1CC1,34.216,1
O=CCCCN1CC1,31.093,0
CC1CC2CC1C(=O)N2,30.796,1
OC1CC2NC1C2C#N,29.35,2
CC#CCCC(O)CO,39.067,2
CC1C2C(C1C)C2(C)C,39.694,2
OCC(=O)C1CC(=O)O1,30.146,1
CC1C(=O)C(O)C1(C)C,38.281,1
O=CNC(=O)OC1CC1,30.99,1
N=C1OCC2C=CCC12,28.002,1
CN=C(N(C)C)C(N)=O,38.568,0
C#CC1CC2CC2O1,27.278,1
CCC1(O)C2NC(=O)C12,33.429,1
C1NC11CC2OCC2=C1,29.01,0
C1C2CC3=CCCC3C12,29.873,1
CC(=NO)C1CC1C#N,33.677,1
OC12CC3CC1(O)C23,27.737,1
CC1C(OC1C#C)C#C,34.337,1
C1C2C3OCCN2C13,24.162,2
OC12CC3(C1)N=COC23,27.583,1
CC12CCC=C1COC2,32.095,1
OC1=CC=CN1C1CC1,31.927,1
C#CC1C2CC=CCN12,31.001,1
CC(CCO)CC#N,33.845,2
C1CC2C3CC(C3)C12,25.961,2
CC1=CC2=C(C1)OC=C2,28.933,0
C1C=CC23NC2C=CC13,27.731,1
O=C1C=NOC=N1,17.987,0
C1CC2OC(CO1)C=C2,28.572,1
CCC#CC1OCC1C,36.12,1
NC(=[NH2+])[C-](OC=N)C#N,33.269,0
OC12C3CC1C3C21CN1,30.168,2
CC1C2CC1(O)C2,26.541,2
O=CNC1C2C3OC1C23,27.416,1
N#CCC1=CN=NC=N1,25.748,0
OC12CC1NC=C2C=O,30.4,0
CCC(C)C(C)C#N,35.662,2
OC1CN2N=NC=C12,23.085,1
C1C=CCC2=NC=NN12,25.491,1
OC1COCOC1C=O,30.543,1
CC1CC(C)C(C1)=NO,36.878,1
CC1CC11CCCC1C,37.403,2
CC1C2CC3C4C(C23)N14,28.506,2
CC1=CC2(CC2)OC1=N,31.767,0
CC1(C)CC2(CN12)C#N,33.834,1
COCC1(CC1C)C#C,38.239,2
CCCCN(C)C(C)=O,40.41,1
CNC1=NC2CC2C1=O,30.662,0
CC(C)(CC#N)C1CN1,36.804,2
CC1(CC1)C(CO)=NO,37.349,1
CC1CC11OC2C(O)C12,32.878,2
O=CCOC1(CC1)C#C,34.127,1
N#CC12CC1C1OC1C2,27.692,2
CC1OC2CC12C(C)=O,33.817,1
OC1C2CC1C1(CC1)O2,31.037,2
O=CC12C3CC1CN2C3,28.48,0
CC1C2CCC12O,27.409,2
CCC1=NC(=O)NC=C1,30.325,0
CCC1OC1C1(C)CC1,37.594,2
COC(C)(C)CC(C)O,43.06,2
FC(F)(F)C1=NC=CN1,25.807,1
C1=C2C3C4C3C2N2C1C42,23.757,0
CC(O)C1COCOC1,34.449,2
C(C1CC1)C1=NOC=N1,28.449,1
CC(C)C(=N)OC(N)=O,36.969,1
CC12OC1(C)C(O)C=C2,34.576,1
OC12CCOC11CC2C1,30.341,2
CN1N=COC(=N)C1=N,29.021,0
O=CCC#CC(=O)C#C,31.582,0
COC(C)=NC(C)C#N,36.522,1
OC1CNC(=O)C11CO1,30.382,1
OC1=NOC(=O)NC1=N,26.823,0
CC(COC(N)=O)C#C,36.672,2
OCC1C(CO)C1CO,37.997,2
O=COC1=CN=CC=N1,25.324,0
C1CC2C3OC3CC2O1,27.923,2
CC#CC1(C)OC1C#C,35.957,1
C1OC2CC=CC22NC12,27.912,1
OC1(CNC11CC1)C#N,32.511,1
CC12OC=NC1C2C#N,28.371,1
COCCC(=O)C(C)=O,36.375,0
C1C2C3OCCN=C3N12,27.074,1
CCC1(O)CCC1C,35.71,2
NC(=O)C1CC1,22.773,1
CC12OC3(CO)C1OC23,31.443,2
CCC(C=O)C(C)C#C,39.109,1
CC1=CC(=O)CC11CN1,31.566,0
CN(C=N)C1=NON=C1,28.713,0
CC1CC2C3C4C1C4N23,29.408,2
CC1C2C3OC2C13O,27.59,2
OCCC1(CCC1)C=O,35.83,1
CCC1=NNN=C1O,27.69,1
CCC1(CCCO1)C#C,35.851,2
CC1CC2=CCCCC12,33.673,1
CCC(C)OC(=O)C=O,35.873,0
CC(CO)(C#C)C1CN1,37.53,2
CC12CC3OC1C2O3,24.569,2
C1C2OCOC3CC3C12,29.412,2
CC1=CC2(O)C3OC2C13,30.646,1
NC1=C(F)C(=O)NC=N1,28.013,0
OCC1(O)CCC2NC12,33.858,2
CC1=NC(CCO1)C#C,32.66,1
OC1(C=O)C2CC1OC2,29.43,0
CCN=C1OC2COC12,30.525,1
CC1C2C3CC1C23,23.884,2
CN1C(=O)N=CN=C1C,29.566,0
C#CC1C2C3C4C2C1N34,26.918,1
C1OC23CC(CC2)C13,25.56,2
OC12C3OC1CC=CC23,28.811,1
COC=NC(C)C(N)=O,37.179,1
CC1CCC(N)(C1)C#N,35.631,2
CC1CC2OC1(C)C2O,34.897,2
C1C2C3CC4C(CN24)N13,25.019,2
CC1NC11COC1C=O,32.355,0
CC1(C)CC(O1)C(N)=O,36.289,1
COC(=O)C(O)CO,31.237,1
CC1CN=COCCO1,32.736,1
CC1N2CC2C=CC1=O,30.475,0
CC1C2CC1(C)C2CO,37.236,2
C1OC23CCC4C2N4C13,26.826,2
CC12CC(C#N)C1O2,27.266,2
CCNC(=NC)C(N)=O,38.0,0
O=CNCCCCC#C,36.811,2
CCN1CC(O)C1C#C,36.386,1
CCCC1OC1CC,34.968,2
CC1=CNC(=N)N1C=O,31.48,0
OCC1CCC(=O)NC1,33.502,1
N=C1OC2CCOC12,24.099,1
N=C1OC2CC2N2CC12,28.145,1
OC1CC1CC#N,25.682,2
CCCC(C)C(C)C#C,42.736,2
CC(O)CCC#CC#C,38.167,1
CCN1C=NC=C1C#N,29.381,0
OCCN1C=NN=N1,25.293,1
CC1CCOC=NCC1,34.063,1
C#CC1=C(C=CO1)C#N,27.262,0
CCCC(C)C(=O)CO,39.804,1
CCOC1=CON=C1C,32.573,1
OCC(CO)CCC=O,37.648,1
CC1=C(C)C2(CO2)CC1,34.983,1
OC1(CC1)C1=NON=C1,28.526,1
CN1C=NC(=O)N=C1F,26.665,0
CC(C)C1(O)CCOC1,37.411,2
CC1=C(N)ON=C1CO,33.534,1
CC(CO)C=O,24.974,1
CCC1CC2C(C#C)C12,35.237,2
CC1CCN2CC2CO1,33.477,2
CC1(CC1)C1CC(=O)O1,32.561,2
OC1C2C=CC3C2C13O,29.986,0
ON=C1CC2(CC2)C=C1,31.808,0
CC12CC(CC3NC13)O2,30.665,2
NC1=NC=NC=N1,20.266,0
O=C1OCC11CN=CN1,27.116,1
O=C1C2CC1(CC#N)O2,28.283,1
O=C1OC2C(C3CC3)C12,29.095,1
CC(O)C1=NC2CC2O1,31.603,1
CC1C2CC3C4C2C1N34,28.597,2
[NH3+]C1(CC1C([O-])=O)C#C,32.696,1
O=C1C2NC1(C=C2)C#C,28.558,1
CNC1=CNC=NC1=N,31.015,0
OC12CC1CC(=N)OC2,31.326,2
OCC#CCC(O)C#N,34.946,1
C#CCCC1(CC1)C#N,34.432,2
CC1C2CC2N1C(N)=O,33.311,1
OC1(CCC1C#C)C#N,33.204,1
CCCC1=NC(O)=CN1,33.815,1
CC1C2C=CC(CO)C12,34.054,1
CC1COC2OC=NC12,28.433,1
CC1=CC=C(O)OC1=N,31.011,0
O=CC1OCC(=O)CO1,29.112,0
OC12CC(C1)CNC2=O,29.801,1
OCC1=NON=C1,20.953,1
CC12COC(C1O)C2=O,31.032,0
O=CC(=O)NCC#C,28.595,0
CCC12CC(O1)C2C=O,32.749,0
CCC1C2COC(=O)N12,30.168,2
CC1(C)CN2N=CC=C12,31.388,1
CN=C(C)N(C=N)C=N,35.726,1
CC([NH3+])C1=C([O-])N=NO1,36.486,0
CC1COC1C(N)C#N,34.055,2
N=C1NCC1(C#N)C#N,29.325,1
COC1=NN(C=O)N=C1,27.53,0
CCC(=O)C1=NCCO1,31.822,0
CC1OCC2=CCCC12,31.662,1
NC(=O)NCC(O)C#N,34.575,1
CC1CN1C1=NON=N1,27.777,0
C1CN2C=CN=C2CN1,27.671,1
CC1C2C(O)C2C1=NO,33.962,1
COC12C3CC1OCC23,30.129,2
CC1C2CC1(C)C2C=O,34.66,0
COCC1=C(C)N=NO1,31.766,1
OC12C3OC1C1C3OC21,25.239,2
OC1(CC1)C#CC#N,28.05,0
CC12OC3CC1(C=O)C23,30.129,0
C#CC1NC1C#CC#N,30.229,0
CC1NC11CCC(=O)C1,33.327,1
CN(CC#C)CC(N)=O,37.302,1
NC(=O)C1(CO1)C=O,27.307,0
CC1CC([NH3+])(C1)C([O-])=O,34.961,1
CC1C2OC(=N)OC12C,31.946,2
OC1CC(=N)OC1C#C,31.907,1
OCC12C3N1CC2C3=O,28.876,1
CC1NC2CC2CC1=O,32.593,0
N=C1OCOC2COC12,27.013,1
OCC1(CC1)C=O,26.217,1
CC12C3CC1OC23CO,32.418,2
CC1C(O)C11CCC1O,36.611,2
OC1CN2C(CC12)C#N,30.143,1
OCC1=C(CO)C=CO1,31.115,1
COC1(C)CC(O)C1=O,36.115,0
O=CC12C3CC1OC23,23.715,0
CC1CC2(CO2)C1,26.403,2
OC1=COC(=N)C=N1,24.333,0
O=C1CC(CC#N)CN1,30.415,1
O=CCC1C2C3CC3C12,31.225,0
CN1C=CN=C(F)C1=O,27.683,0
CC(C)COC(=N)C=O,36.465,0
OC1C2COC12,19.197,2
CC1OC2COC2C=C1,30.477,1
CC1C=C(CO)NC1=O,33.357,0
C1C=C2C3C4C1C2N34,22.241,0
CN1C2C3C4=CCC13C24,29.576,0
CC1CC2CC12CO,31.931,2
COCC(=O)NC=O,29.493,1
CCOC(=N)OC(C)C,38.9,2
C1OCC#CCN=CO1,29.054,1
CC12CC1CC(O)C2=O,33.004,0
O=C1CC2CC1CC=C2,28.874,1
CC1CC2=CCCC2=C1,32.089,0
CCC1COC2CC12C,35.933,2
COC(=O)C1CC1CO,34.888,1
CC1C(C)(C)C11CCO1,38.066,2
CN1C=CC(=O)N=C1,25.026,0
CC(C)C1=NON=C1C,33.757,1
O=CC12CCC1CC=C2,30.409,0
CC(C)C1(CO1)C1CC1,37.52,2
O=CC12CN3C(CO1)C23,27.167,0
COC12CC1(NC2)C#C,33.796,1
C1CC1C12CCC1OC2,31.831,2
C1C2OC3CCCC3C12,29.779,2
CC1(C)C(O)C1(O)C#C,38.924,1
CC1(C#N)C2CC1(O)C2,32.952,2
OCC1C2CC3CC1N23,30.365,2
N=CN1CCCNC1=O,30.609,1
CCN=CN(C=N)C=O,33.886,1
CN=COC1CC(=O)C1,33.201,0
OC1(CC1NC=O)C#N,31.923,1
OC1CC2CC2C1C#N,30.996,2
NC(=N)C(=O)C(O)C#N,32.801,0
C#CC1(CCC#N)CN1,33.501,1
OC1C=CC2CC12C=O,30.742,1
CC1=CC(CC1=O)C#N,30.627,0
CC12CC(C)(C1)C1OC21,33.2,2
OCC1=CC(CC1)C#N,32.391,1
CC(O)CC(CO)=NO,38.666,1
CN1CC(=O)C1(C)CO,36.299,0
CC1CC(=O)N1C(C)=O,33.335,1
CCC1(C)CC1C#CC,39.973,1
CC12C3C4C(N13)C24C#C,30.257,1
CC12CC=CC1(C)C2O,35.968,1
CNC1=NN(C)N=C1N,33.673,0
CC1(C)OC1(C)C=O,33.607,0
CN1CCC(O)C1C=O,33.963,0
OC1(CC#C)COC1,30.129,2
CCOC1(CC1O)C=O,35.658,0
CC1(C)CC1(C#C)C#C,38.57,1
CCC1C(C)C1C=O,33.411,1
C1C2NC1C1=NOC=C21,23.983,1
O=C(COCC#C)C#N,32.139,0
CC(O)C1=NC(O)=CO1,31.91,0
CC1(NC(=O)C=C1)C=O,31.272,0
CC1C2C(CO)CC12C,37.761,2
N=C1CN2N=NC=C2O1,24.056,1
NC1=NOC(NC=N)=N1,29.005,0
CC(=O)OCCC1CO1,34.113,2
CC1(COCC1=O)C#C,32.962,0
OCC12COC(=N)C1O2,29.665,1
NC(C#C)C#CC#N,28.999,1
CC(O)C1=C(N)NC=C1,35.126,1
CC1CC(C#C)C2CC12,34.453,2
N=COC1CCOCC1,32.13,2
N#CC1COC1C1CC1,30.897,2
COCC1=NC(C)=NO1,31.134,1
CC1(C)C2C3CC3(C)N12,35.92,2
CC12OC(=N)C1(O)C2O,33.091,1
COC1CC1C(O)CO,37.201,2
CN(C=O)C(=N)C=O,28.207,0
CC1OC1C(O)C1CO1,33.79,2
O=COC1=CNN=N1,22.35,1
COC1C2COC(=N)C12,30.365,1
CC1NC23CC4C2OC134,29.72,1
OC(C=O)C#CCC=O,32.866,0
CC12C3C4OC(=NC14)N23,27.146,0
O=C1CC2C3CCN3C12,28.34,0
CCNC1=NC=NO1,26.616,1
CC(N)C(OC=N)C#N,35.901,1
CC1=CC(F)=NC=C1F,27.839,0
CC(C)(C1CC1)C1CC1,39.308,2
OCC1=CCOC1,24.986,1
CC(OCCO)C#C,33.85,2
CC1(C)CC(=O)CCO1,35.18,1
FC1=CC(C=O)=CC=C1,26.816,0
N=C1NC2C3OC1OC23,25.807,1
C1OC1C12C3C4C1N4C23,26.58,1
CC1CC(O)CC(=O)C1,35.055,1
CC12CC1C1CC2C1,28.042,2
CC(=O)C1NCC11CN1,33.121,0
CC1=CC=C(C)C(C)=N1,34.308,1
CC1=NC(=O)C=C(N)N1,31.588,0
N#CC1CN2CCC1C2,28.557,1
COCC1=COC=N1,26.059,1
N#CCNCC1CO1,28.665,1
OCCC1NC11COC1,33.854,2
C[NH2+]C(C)C(O)C([O-])=O,36.507,1
CCN1N=NOC1=O,24.917,1
O=CC1OCCN2CC12,29.592,0
CC(=O)C(CO)N1CC1,35.654,1
C#CCCC#CC1CC1,35.621,1
OC(C#N)C#CC#N,26.221,1
CC1CC11C2OC1C2C,34.204,2
OCC1CC11CC(O)C1,35.215,2
O=CC12OCC3OC1C23,26.485,0
CC#CC([NH3+])CC([O-])=O,35.06,1
CC1(C)NC11CCC1=O,35.06,0
CC1(C)CCC2CC2C1,36.935,2
COC(C)C(C)O,32.797,2
CC(CCCC#N)C#N,35.298,2
CC1(O)CC2(CN2)C1,31.984,2
CNC1=CC(C)=NN1C,35.337,1
CN1C(C#C)C1(C)C#N,35.278,1
C1OC2=C(O1)C=NO2,20.741,0
CN1CCOC2CC12,28.943,2
OC12CC(C=C1)C(=O)C2,29.645,0
OCCC(=O)NCC#C,36.456,1
OC1(CC1N1CC1)C#N,32.082,1
CN1C=NC(N)=C1C#N,30.462,0
O=C1C2CC3(CCC13)C2,28.695,0
O=C1CN2CC1CCC2,29.507,0
NC1=NOC=CC1=N,25.61,0
CC1=C2CCN2C=C1,27.185,1
CC1=CC2C3CC2(C1)O3,30.225,1
COC=NC1CC1,27.069,1
C1C2OC3C=CC2OC13,24.988,1
CC1CC2(C)OCC1O2,32.755,2
O=C1CC(=CC1=O)C#C,28.678,0
CC1(CO)C2CCC1O2,33.774,2
CC1CC2(O)C3CC2N13,31.755,2
OC12CCC1CC21CO1,31.631,2
CCOCCC(=O)NC,38.688,1
CC12CCOC1C1NC21,30.857,2
O=CC12C3N1CC2C3=O,26.442,0
CCC1COCCC1O,36.276,2
CC(C)(C)CC#C,33.308,2
CC1=CC2(O)CN(C2)C1,33.012,1
CCCOC(C)CC,38.319,2
CC1(C)OC1(CO)C=O,36.825,0
OCCC(NC=O)C=O,34.648,0
C1OC1C1=NNN=C1,22.811,1
OCC1CC1(C#N)C#N,31.678,1
CN1C=C(CO)CC1=O,33.385,0
O=C1NCCCC11CO1,30.164,1
O=CC1C2CN2C1C#C,30.495,0
CN1N=C(C)C(C)=C1O,35.73,1
CCC1(CC1)OC=O,31.359,1
OCC1(O)C2CC(=O)C12,32.199,1
OCC1=C(O)C=NN1,27.602,1
OC1(CCCOC1)C#N,32.074,1
CC1CC11CC=CC1,30.323,1
O=C1CC=CC(=O)C1=O,27.371,0
C1OC2C3CCC=C1C23,27.979,1
CC1(C)C=CCCC1O,37.594,1
CCCCC#CCCO,40.17,2
CC12C3CC3N1C2C=O,31.709,0
O=CCC1(CC1)C=O,29.204,0
OC1C(=O)C2CC12C#C,31.618,0
N1C2C3C1C21N=COC31,24.061,1
OC1CCC(O)(C1)C#N,33.647,2
CC12CC3CC(C1)C23O,33.346,2
CCC1(NC1CO)C#C,37.472,1
CC1=NC(O)=COC1=O,29.385,0
COC12CCC1N1CC21,31.879,2
OC(CC#CC#C)C#N,33.441,1
CCCNC(=O)NC=N,35.839,1
O=CC12NC1CCC2=O,28.916,0
N=COCC#C,21.973,2
N#CC1C2CCC1N2,24.918,1
CCC1OC(=N)C1C#C,33.91,2
C1C2C1C1C3OC1C23,23.056,2
CC1CC(O)C=C(C)C1,37.387,1
CCC1NC1C(C)=O,32.632,1
CC12CN1C(C2)C(N)=O,33.669,1
ON=C1C2NC1C2C=O,29.503,0
OC12CC3C(C1)C3CC2,30.983,2
CC1(O)C2C(=N)OC12C,34.56,1
N#CC1C2NCC12C#N,28.173,1
CC1OC2C(C#C)C12O,33.894,1
CCCC(C)C(O)C#N,39.422,2
CC1=CC2CC1N2C=O,30.341,1
O=C1C2COC(O2)C1=O,25.03,0
CC([NH2+]CC=O)C([O-])=O,34.277,0
CC1=CC(CO)=NN1,28.991,1
CC1(CC1)NC(=N)C=O,35.265,0
CC1OCC(=O)C=C1N,33.078,0
CC12CC(O)C1C1OC21,31.65,2
CC1C(C)C11COC=N1,33.228,1
CCC1CC2C1C2(C)O,37.761,2
CC(OC=N)C#N,25.702,2
N=C1OCCC(=C1)C#C,30.385,0
CC1OC(C)C(C)(C)O1,38.502,2
CC(CC#N)=NO,26.606,1
O=C1CN2C(C3CC3)C12,30.146,0
CC1C(=O)C=CC11CO1,30.447,0
CC1OCC2(C)CC12C,36.969,2
CC1OC2CC3C(O2)C13,28.613,2
CC1OC(=N)C(=O)C1O,31.239,0
NC1=CNC2=C1CCN2,31.53,1
CCC1=C(C)NC(=N)O1,34.929,1
CC12CC(O)C1COC2,32.856,2
CCOC1=NC=CC=C1,30.275,0
OC1CN2CC1C(=O)C2,29.406,0
NC1C(=O)OCC11CN1,30.361,1
CC1CC2C3OC3C2C1,31.232,2
C(C1CC1)C1CC2CC12,33.913,2
CCC(O)CN=COC,39.425,1
O=C1CCOC2CCC12,29.827,0
COC1OC2COC1C2,29.583,2
CC12CN3C4C3C1(C)C24,31.401,2
CC(=O)C(O)CC(N)=O,35.715,0
CC(C)C1=CN=NO1,28.148,1
C1CC2=CC=CN12,21.109,1
CNC(=O)NC(=O)OC,34.655,1
NC(=O)C1OC2CNC12,29.729,1
CC1OCC11OC1C=O,31.573,0
CCC12CC(OC)C1O2,35.191,2
CC1CC1C1CO1,26.616,2
CCC1=NN(C)N=C1C,34.506,1
CCC1=CN(C=O)C=C1,31.562,0
OC1=C(N=CN1)C1CC1,30.616,1
CC1(O)CC(O)C11CC1,37.254,2
COC1CC1C1(C)CO1,35.947,2
CC(=O)OCCOC=N,34.151,1
CCN1N=NC(O)=N1,25.742,1
CC1CC(C#C)C1C=O,34.9,0
NC1=C(O)C=CN=C1O,29.414,1
CCCC1COC(C)O1,36.48,2
C1CC11OC2OC1C=C2,27.608,1
N#CCC1C2CC1OC2,29.095,2
OCC1C(C#N)N1C=O,31.176,1
CC(C)C1CC(C)O1,34.635,2
COC1=NN(C=O)N=N1,26.78,0
CC1=COC2=C1NCC2,29.841,0
C1CC2C1C1CC2C=C1,28.66,1
CCC(C)C1CC(C)O1,39.527,2
OC12COC3CC1C23,25.64,2
COC1C(C)C1OC=N,35.673,1
C1CC1C1=NC=CN=N1,27.114,0
COC(NC=NC)=NC,37.078,1
CC1=CC2OC1OC2=O,27.038,1
CC12OC1C1CN1C2=N,29.473,1
CCC12CNC1C(=O)O2,31.306,1
OCC1OC=NC1C#C,31.126,1
CC(=O)C12CC1C(=O)O2,29.725,0
CC(C)NC1=NCCO1,35.111,1
CC12CC1C(CC2)C=O,33.645,1
C1OC1C12CN3C1CC23,28.16,2
CC1C2C3CC1(O)C23C,35.239,2
CC(=O)C12CC1C(=O)C2,31.525,0
O=CC1CCCCOC1,32.905,0
NC1COC2=CON=C12,27.121,0
CN(C)C1=NON=C1,26.974,0
CC1CCC(=O)C11CC1,33.738,1
CC1(O)CC2OCC12C,35.792,2
CCN=COC(=O)C=O,32.649,0
N#CC1NC11CN2CC12,28.669,1
CCCOC=NCCO,38.022,1
C1C2N1CCCC21CC1,32.297,2
CC#CC1(C)COC1C,37.517,2
CC1CC(C)C2CC1C2,35.467,2
CC1=CNC(=O)C1O,28.621,0
CC1C2C3CC2OC1C3,29.53,2
CC12CN3CC3C1N2,27.562,2
CC#CC1NC1C1CN1,33.647,1
CC(NC=O)=NCC#C,34.645,1
CN=C1OC2CC1C=C2,29.046,1
OCC1(CC1C#N)C#N,31.658,1
C#CC1C2OC1C2C#C,30.751,1
CCC(C)N1N=NN=N1,31.247,1
CC1C2OC2C2CCC12,31.17,2
CC1NC1C1=CC=NN1,30.11,1
CC#CC1(CO1)C(C)=O,34.807,0
NC(=[NH2+])C1=C([O-])ON=C1,29.783,0
CC1N=C2OCC2C1O,31.04,1
OC1C2OC3C2C=CC13,26.557,1
O=CC12CC=CCC1N2,30.029,0
OCCC#CCC#C,32.753,2
CC12CC3C1OC23C,29.244,2
C1CC2(O1)C1C3NC3C21,28.977,1
O=C1OCC11CC2CN12,27.448,1
CCCC(=O)CCC#C,38.538,1
C1C2NC22COC=NC12,26.964,1
CC1CCC11COC=N1,31.624,1
CC(C)CNC(N)=O,35.696,2
CC(O)C1C(C)N1C,36.05,2
O=C1CC=C(N1)C1CO1,29.202,0
CCC12CN3C1C=CC23,30.897,0
CC1(C)CC1O,26.639,2
CC1(CC1)C12CCC1N2,34.353,2
NC1=NC=C(O)C(F)=N1,28.391,0
NC1(CC#N)CC2OC12,31.816,1
O=CC(C#C)C1CCO1,32.39,0
N=COC(=O)NCC#N,30.554,1
CC12CC1OC2CC#C,34.205,2
COC1(CC1(C)C)C=O,38.075,0
OC1CNC1C=O,24.77,0
CC1=NCC2OC2CO1,30.563,1
N#CC1NC11COC1,25.587,1
CC(O)C1(CCO1)C#C,35.705,1
CC1(CN1)C#CC1CC1,35.024,1
OCC12CN1CCC2O,33.533,2
CC1(C)NC11COC1=O,32.767,1
NCC1=NC(O)=NO1,25.769,1
CC1C2OC2(CO)C1C,36.413,2
NC(=N)N(CC#C)C=O,33.865,1
CC1CN1C(C=O)C=O,33.773,0
OCCC#CCNC=O,35.497,1
CC1OC2CC2(C)C1C,36.779,2
CC12N=COCC1C2O,31.598,1
N=C1OCC11NC1C#C,30.194,1
O=CC1CNC(=O)C1,26.6,0
CC12CC1CCC2,26.781,2
CC(O)C1OC2CC1C2,33.277,2
N,6.316,2
CC12CN(CC1)C2C=O,31.788,0
OCC12CC(N1)C2=NO,32.251,1
CC(O)C(=O)C1(O)CC1,36.359,1
CC12CC3NC3(C)C1N2,33.536,2
C1CC2OC(O1)C1OC21,26.137,2
COC1CCC1NC=O,34.097,1
COCC(O)(C#C)C#N,35.222,2
OC1C2CC3CN=C1N23,26.914,1
CC12C=CCC1N2C=O,31.047,1
CC1=C(CO)CC2CC12,34.545,1
CC1C(C)C2C1NC2=O,33.305,1
CCC1CC(O)(C1)C#C,37.897,2
NC1(CNC1C#N)C#N,31.197,1
CN=C1NN=C(F)C=N1,28.355,0
OCC12CN1C1C(O)C21,32.076,2
CC12CC1(C)C1(CC1)C2,36.786,2
COC(=O)C1OCC1O,31.576,1
O=C1C2CC3OC2C13,22.183,0
CN=C1OCCNC=C1,32.552,0
CCC#CC1CCOC1,34.572,2
COC1=NC=C(N)C=C1,31.214,0
CC1(C)CC(C=O)C=C1,35.373,0
OC12CC(C1C#N)C2=O,29.026,1
CC1C2CNC12C#N,27.941,1
COC(CO)C(O)C#C,37.864,2
NC(=O)C(OC=N)C#C,33.882,1
CC1CC11COCOC1,32.818,2
C1OCC11OCC2OC12,27.767,2
CNC1=NC=NC(C)=N1,30.887,0
N#CCC1CC2(CO2)C1,31.461,2
CC1CN(CCO1)C=O,32.599,1
CC1C2C3C=CC2(O)C13,31.548,1
OC12CC3C(NC13)C2=O,27.481,0
O=CNC(=O)CCC#N,31.412,1
OCC12CC(C=O)C1O2,31.586,0
CC1=CC=CCNC1=O,31.731,0
N#CC1C2CC(C#N)C12,28.31,2
CC12CC=C3C4C(C13)N24,29.004,0
O=C1NCCCC2NC12,30.596,1
CCC12CC3C(O1)C3O2,29.684,2
CCC1OCOC1(C)C,37.63,2
O=CC#CC(=O)C=O,25.604,0
O=CC1CC=CC11CC1,31.608,0
OC12CC3N(CC13O)C2,30.456,1
CCOC(=O)C(C)C=O,35.846,0
C1C2C1C1CC2CO1,24.544,2
CC#CCC(O)C#C,33.519,1
C1CC2OC1CCO2,25.156,2
CCC1CC(=NO)C1O,36.485,1
CC(C=O)C1=CC=CN1,31.672,0
NC12CCCC1OC2=O,30.638,1
NC(=O)C1NCCC1=O,31.311,0
CC1=CCC(O)C2NC12,33.237,1
CC1C2CC3NC3CN12,31.722,1
O=CC1CN1C=O,22.674,0
OC1C2N=CNC(=O)C12,28.195,1
NC(=O)C#CCC#N,28.556,1
CC12C3CC1C(O)C23O,33.37,1
O=C1COCCCC=C1,31.283,0
CC1NC1C([NH3+])C([O-])=O,34.669,1
CC12CC1C1CN1C2=O,30.225,1
OC1CCN2N=CN=C12,26.696,1
CC1C2NC2C1CCO,35.915,2
CC1CCCCCO1,32.062,2
O=C1NCC2NC2C=C1,29.084,0
CCC(O)CCC(C)=O,40.49,1
N1C2C3NC4C1C2OC34,23.401,2
CC(C)(CC#C)C#N,33.588,2
CC1CCCC=C1C#N,33.015,1
CC#CCC1CC2OC12,33.184,2
CC1OCC1C(N)C#N,34.211,1
CC12CC1(C)C(C2)C#C,36.844,2
CN=C1COCC2CN12,31.308,1
CN=C1OCC1C=O,27.606,0
CC(=O)C1C2NC2C1O,32.138,1
CCC1=CC2COC1C2,31.607,1
CC(C)C1COC=N1,30.283,1
OCC#CC1OC1C#N,31.098,1
CC(O)C1(O)CCC1=O,36.612,0
CNC1=CNC=C1NC,35.707,1
CC1=CN2CCC2=C1,27.227,1
CN1CC2=CC(=O)CC12,30.293,0
CC(C)OC(=O)C1CO1,34.625,1
CC1C2CC1(C)OC2=O,31.993,1
OC1C2CC1N=COC2,29.632,1
CC12COC1(C)C1NC21,33.077,2
CC1C2C(C)N1C2C#N,32.84,1
C1C2C3C2C2OC3OC12,23.732,2
OC1CCC2=C1C=CN2,30.154,1
N=C(OC=O)C1CCC1,31.654,1
CN=C1OCC11CCO1,31.102,1
COCC#CC(=O)OC,34.321,1
C1COC2=C(C1)C=NO2,26.192,1
C1C=CCC2=NON=C12,25.477,1
CC1(N)C2OCC12C#N,32.77,1
C1CC11COCC2CN12,30.708,2
ON=C1CC(O)C1C=O,32.877,0
CC12OC1(C)C1(O)CC21,34.76,2
CCOC(C)CC(N)=O,39.278,1
OCCCN1C=NC=N1,30.752,1
NC(=N)N1C=NOC1=O,27.654,1
CCC1=NOC=C1NC,33.574,0
CC#CCCC(C)=NO,38.611,1
C1C2C1C1OC2CCO1,27.661,2
CC1(CO)CC(=O)C1O,36.342,1
CC1(COC(N)=O)CO1,34.665,2
CC12CN3CC(C)(C1)C23,33.483,2
CC1OC2(CC12O)C=O,33.061,0
CNC1=CC(=O)OC1=N,29.92,0
OC1C2CC(=O)C(=O)C12,28.962,0
CC1(O)C2CC(C#C)C12,35.204,2
CCC12CC3C1N(C)C23,34.079,2
CN1CC23OC4C2C1C34,27.997,2
NC1=NNC2=C1C=NN2,27.562,0
CC12C=CC3C4C3N1C24,28.712,1
CC(O)C(CO)CC#N,37.852,2
N1C=C2N=CC=CC2=N1,23.638,0
CCCC(=O)C(C)OC,40.089,1
CC(C)(C)CNC(N)=O,41.446,2
CN1C2CC2C1C(N)=O,33.662,1
CC1CCCOC1=O,28.78,1
CC1C2OC2C11CO1,27.245,2
CC12OC1CCC2=NO,32.436,1
CNC1=NOC=C1C=O,29.77,0
OCC1C2CCC1CC2,33.011,2
C1C2C3CCOC3CN12,28.462,2
CC1=CC2OC2(C)C1,29.948,1
CC1CC2(CO)CC1O2,33.527,2
CC12COCC(O1)C=C2,30.302,1
CC1CC2OC3CC12C3,31.022,2
CC1(CC(N)=O)CO1,31.408,1
CC1(O)COC1CC=O,35.073,1
CC(=O)N(C=O)C(C)=O,33.743,1
CN1C(O)=NC=C1C=O,29.678,0
O=C1CNC(=O)C=CN1,28.476,0
OC1=NOC2=C1CCC2,27.603,1
CC1CCC1(CO)C#N,35.449,2
CN=C1OC2COC12,25.682,1
CN1C=CN=C1C,24.819,1
CCN1CCCNC1=O,33.922,2
CC(C)CC1CCO1,33.821,2
CNC1=NC(O)=C(C)O1,33.384,0
N#CC12NCC3CC1C23,27.856,1
C1OC1C1=NC=NC=N1,24.95,0
N#CC1CC23CC(O2)C13,27.781,1
CCNC1=NC(O)=NO1,31.005,1
CC(CO)C(C)OC=O,38.383,1
CN=CNC1=CN=NN1,30.521,0
C1C2CCC12,16.868,2
CC12C(O)C1OCC2O,32.788,2
CC1CC1(C)C(C)=NO,39.622,1
OCC1(NCC1=O)C#C,33.031,0
CN=C1CN=C(C)N1,30.106,1
C1OCC2OC2C2NC12,28.5,2
CCC#CC(=NO)C#C,35.51,0
CC1C(C)(O)C1(O)C#N,37.043,1
CC1CN=C2OCCC12,30.345,1
CC1=NC(N)=COC1=N,31.635,0
CCC1C2C=CC1C2=O,31.474,1
CC(COCCO)C#N,36.679,2
CC12CC(=O)C1N=CO2,28.984,0
O=C1C2CC3(CO3)C1O2,26.978,1
OC1CC1C1=COC=N1,28.261,0
OC1=CC(O)=C2CCN12,30.712,0
C1CC23OC2(C1)C1NC31,27.788,2
C1CC23C1CC1C2CC31,28.84,2
COC1(C)CC(=O)C1,31.893,1
OC12C3C4C1C2(C#N)N34,26.561,1
CC#CC#CCOC=N,33.858,0
CC12CCCC1=CCO2,32.376,1
CC1(O)C2NC(=O)C12,28.542,1
CC1=COC(O)=CC1=N,30.855,0
CC1CN2C3C4C(C14)C23,29.576,2
COCC(C)CC(C)O,42.297,2
CC12CC1C1(OC21)C#N,30.209,1
CN1C=NC(=O)C(F)=N1,26.871,0
COC1COC11CC1,29.843,2
CN1C(N)=CC(O)=C1O,35.429,1
NC1=C(N)C(N)=C(N)O1,35.492,0
OCC12CN3C1C(=O)C23,29.134,1
CCC1CCOC1=O,28.906,1
CCOC(=N)C#CCO,35.875,1
C1COC2=NOC=C2O1,24.822,1
OCC#CCCC=O,31.444,1
CN=C1CNCC(=O)N1,31.656,0
OC(C#C)C1(CC1)C#N,33.87,2
CNC1=NN(C)C(O)=N1,32.493,1
NC(=O)C1N2CC1(O)C2,31.804,1
CC1(CO)CC(O1)C#N,33.665,1
OC1C=CC2CC1O2,25.418,1
OCCCC1CN1C=O,35.092,1
N#CCCOCC#N,28.172,2
COC1C(O)C1C(N)=O,34.567,1
OC1CC1C12CCC1N2,32.712,2
COC1=C(N)OC(C)=C1,34.326,0
COC(=O)N(C=O)C=O,30.819,0
OCCC1=CC=CC=C1,31.618,1
CN(C)C1=C(N)N=NO1,33.27,0
CN(CC#C)C(N)=O,32.292,1
CC12CC(O1)C(=O)C2O,30.989,0
O=CC1COCC11CC1,31.311,1
O1C2C3OC4C2C1C34,20.096,2
CC1CC2CC1C21CO1,31.724,2
O=C1CNC(C1)C1CN1,31.358,0
NC1C(O)C1(O)C#N,29.213,1
C1CC2=C(N1)N=NN2,22.848,0
OCCC12NC1CC=C2,33.095,1
CNC(=O)NC(C)=O,30.857,1
C#CC1C2COCC12,27.007,2
CC1C2C1C(C)(O)C2C,38.592,2
CC1CN1C1CC1,27.767,2
CC1=CC(O)C2NC12,28.381,1
CC12OC1C(=O)CC2O,31.698,0
CC1C2C3OC3CC12O,32.235,2
OC12CC1(OC2)C#N,26.465,1
COC1C(CO)C1C#N,34.167,2
CC1CN(C=O)C(=N)N1,31.89,1
O=CCN1N=NN=N1,22.168,1
C#CC1CC2CNC2=N1,30.003,1
OCC#CCCOC=O,34.321,1
N#CCN1C=CN=N1,22.872,1
CC1OCC11CC2CN12,31.773,2
O=CN1CC(C1)C1CC1,32.356,1
CC(O)C(C#N)C1CO1,34.536,2
N=C1C=CN=COC1=O,26.089,0
CC1OCCNC1C=O,33.098,0
CC(O)C1=CCC2OC12,33.119,1
OCC1OC2CCC2=C1,31.136,1
OC1CC1NCC#N,29.929,1
CCCC1=CCC2NC12,34.122,1
O=C1CC(C=C1)N1CC1,30.082,0
OCC1(O)C(O)CC1=O,34.551,0
CC1C(CO)C(=O)N1C,35.389,1
C#CC1CCCOCO1,32.494,2
CC1(CO)CC1C1CC1,38.139,2
CN1C=CC(=C1)C(C)=O,32.58,0
N=C1NN=CC=C1C=O,27.316,0
C#CC1COC(O1)C#C,30.987,2
CC12CC1CC2OC=O,32.627,1
CC12OC1(C=O)C1CC21,30.68,0
CCC1COC(=N)C1O,34.084,1
CNC1(CO)COC1=O,33.366,1
O=C1OC2CC3(CN3)C12,27.654,1
NC1=NN2CC(O)C2=C1,29.848,0
CC(=O)C1CCOC1,29.208,1
O=C1NC2CC(C#N)C12,27.92,1
O=COC1CNCC1=O,29.735,0
CN1C2CC(O)C=CC12,33.036,1
C#CC12CC(N1)C21CO1,29.892,1
CC1CC(C)C11CCC1,37.629,2
CCC1OCC2NC12C,35.036,2
COCC1OC11CCC1,34.525,2
CC1CC2(CC2)C(=N)O1,32.719,1
CC(C)C1(C)NC1C=O,38.455,0
CC1OC(C#C)C1C#C,34.318,1
CC12C3C4OC1CC4N23,26.842,2
CC12OC3CC(C=C1)C23,29.475,1
CC1(CC(CO)O1)C#C,35.793,1
CC1(C)C2NC2C2NC12,33.311,2
NC1=C(O)C=NC(=O)N1,29.999,0
CC1C2CC3CC3CC12,33.452,2
OC1C2OCC3NC3C12,28.898,1
N=C1OCOCCC1=O,29.023,0
CC12CC(C1)OC1CC21,31.653,2
CC#CCCCC(N)=O,38.394,1
CCC(C)C#CC(C)=O,38.937,0
CC1=C(NC=N)OC=C1,31.7,0
CCC1(COC1)C(N)=O,35.102,1
CC(CO)N1C(C)C1C,40.132,2
C1NC1C1CCOC=N1,30.168,1
ON=C1C(O)CC1C=O,32.548,0
CC1NC1(C=O)C1CO1,32.864,0
OC1(CC1)C1CC2CC12,33.653,2
OC12CC1CC1(CO1)C2,31.868,2
C1C2CC3OC4C1C2C34,25.875,2
OC1(CC1)C12CCC1O2,32.741,2
O=CC(CC1CO1)C#N,31.286,1
CN(CC#N)C(C)(C)C,40.649,1
CC1CCC=C1C1CC1,35.07,1
CC1=NC(F)=CN=C1N,29.783,0
CC1OCC2CC1(C)C2,34.607,2
O=C1C2C3NCC1OC23,26.247,0
CC1=NC(F)=CC(F)=N1,26.773,1
O=CC1=CC2CC2CC1,30.376,0
CC1CC2C(O)C(=N)N12,32.569,1
CNC1(CNC1=O)C=O,32.774,0
CC1C2OCC3C2C13O,31.527,2
CC1C2C(C#N)N2C1=N,30.275,1
CC(O)C(O)C#CC#C,37.819,1
OCC(NCC=O)C#N,34.103,0
CC12CC1C(C#N)C2=O,30.71,1
CC1CC11CCOC=N1,32.166,1
CCCC1C(C)OC1=N,36.487,2
CCCCC1=NC=NO1,31.62,1
CN=CNC(=O)C#CC,34.83,0
COC1CC2CC12O,30.569,2
OC1=CNC=C1C1CN1,31.1,1
CCC(C)C(=NO)C#C,38.882,0
CC(=O)C1(C)NC1C#N,33.983,0
O=CC(=O)N1N=CC=N1,25.247,0
NC(=[NH2+])C1=N[N-]C(=N)O1,29.848,0
CC(=N[O-])C(O)C1C[NH2+]1,35.581,0
CC#CC(CCO)C=O,37.365,0
CC(C)C1C=CC2CC12,35.43,1
NC1=C(C#C)C(=N)OC1,31.788,0
CC(O)C1(CC=O)CN1,36.507,0
C1C2C3C4CC=CC13N24,26.616,1
COC1C(CO)C1C#C,36.185,1
CCC(CC(C)C)=NO,41.448,1
NC1=NC(O)=CN1,24.096,1
CC12CC1C1CCC=C21,32.128,1
O=C1CCCC11CO1,26.598,0
CN=C1CNC(=O)N1C,32.986,1
OC1CC(=O)NC1C#C,31.935,1
CC(C)(C)C12CC(C1)O2,37.3,2
N=C1NCCC(=O)C1=O,28.93,0
O=C1NCCC1CC#N,30.513,1
CC1=CC(O)=CC(N)=N1,32.608,0
C(C1CCC1)C1CCC1,35.547,2
C[NH2+]C[C-]1NC=CC1=O,37.125,0
OC(CCC#N)C#C,31.173,2
C#CC1=CC(=NO1)C#C,28.412,0
CC1C=C2CNC2C1=O,30.722,0
CC1=C2N=COC2=CN1,27.365,0
OC12COC11CN(C1)C2,28.829,2
CC1CC2C1N2CC=O,33.282,1
CC12C3N1CC2OC3=O,27.588,1
CNC(C=O)C(=O)C#C,34.225,0
O=CN1C=NCCN=C1,28.235,0
NC1=NON=C1N(=O)=O,25.865,0
CNC1=NNC(C)=C1C,36.193,1
COC(C=O)C#C,27.053,0
O=C1CC(C1)C#C,24.887,1
CCCC1(C)CC2OC12,36.769,2
C1C2CC(C3CCO3)N12,30.205,2
CC(C=O)(C=O)C1CO1,33.374,0
O=C1CCCOCCO1,30.786,1
CC1=C(C)C(O)C(=O)N1,34.548,0
COC(C1CN1)C(N)=O,34.959,1
CC1C(O)C11OC2CC12,32.855,2
CC#CCO,20.884,1
OCC12CC1CC=C2,28.947,1
O=C1NCCC1C#N,25.541,1
O=C1OC2OC1CC=C2,25.473,1
OC1=NN(C=O)C(O)=N1,27.015,0
OCC1OC1CC1CC1,35.123,2
CN1CC1C1CC(=O)O1,31.337,1
NC=NC1=NC(O)=NO1,28.599,0
OC1=C(O)C(=N)C=CN1,30.446,0
CC1CN1C1C2CCC12,33.627,2
CCOCC(=O)C1CO1,34.381,1
OC1CN2C1COC2=N,29.037,1
ON=C1CCCC11CC1,33.3,1
O=C1NCC2NC12C#C,29.685,1
OC1COC11CCCC1,33.189,2
O1N=CN2N=NN=C12,17.82,1
CN1C2CC3(C)OC3C12,32.657,1
CC1OC11CC2NC2C1,31.917,2
CN=C1OCC(CO)=C1,32.925,0
C1CC(C1)=C1CCOC1,32.167,1
CC1CCC2CC3C2C13,32.261,2
COCCOCC(C)O,39.347,2
CC1OC(=O)C1CCO,34.191,1
C1C23CCC12CCCC3,32.33,2
CC1OCCCCO1,30.46,2
OC1=CN=CC(=O)O1,23.168,0
CC12CC1C(=O)OC2,26.757,1
NC1=C(O)NN=CC1=O,28.889,0
COC1=NC(OC)=NO1,29.31,1
CC1=NC(OC=O)=NO1,27.251,1
OCC12CCC1CC2=O,32.178,0
CCC12CC(C1)(C2)C#N,33.011,2
CC1C2C3OCC3N12,26.246,1
CC1=CCC2OC2C1,28.133,1
CC(C)C1COCC=C1,36.034,1
CC#CC1CC(=O)CO1,31.99,0
CNC1=C(NC=N1)C=O,30.504,0
CN=COC1=NON=C1,27.972,0
CC12CCC(OC1)C2=O,30.877,0
CNC1C(=O)CCC1=O,32.806,0
CC1CC11CC(C)(C)O1,38.306,2
CC1(CCC2CC12)C#N,32.742,2
CCC(CCC=O)=NO,37.072,1
COC1(CC1(C)O)C#N,36.176,2
CC1(O)C2CC2(O)C1=O,33.789,1
OC1C2C=CC1C1CC21,29.027,1
OC1(CC=O)C2CC1C2,32.278,1
C1OC=NC2=NON=C12,22.741,0
C1COC2=NNN=C2C1,26.306,1
[NH3+]CC1CCC1C([O-])=O,34.245,0
CC1(C)C2CC11COC21,33.338,2
O=CC1C2C3CCC2N13,27.955,0
CCCCCC(O)C=O,39.037,1
CCC1(C)C2CCC12C,39.224,2
CC12CC3C(C1)C23C#N,30.44,1
CC(=O)C1=NOC(=O)O1,26.883,0
COCCC#CC=O,30.826,0
COC1CCC(O)CO1,34.285,2
CCC1(CC#C)CO1,32.587,2
O=C1CC2CC2C1,22.989,1
CC12CC1C(=O)C(=O)C2,30.934,0
N#CC12CC(C1)N1CC21,27.621,1
NC(C#N)C1=CON=C1,28.171,1
C#CC1CC2(CO2)C=C1,31.149,1
C1C2CC1C=CCO2,26.417,1
OC1CC23CCC12CC3,32.986,2
CN1N=NC(=N)C(N)=N1,30.326,0
CCC12CC3CC1(C)C23,35.32,2
OC1CC2(C1)OCC2O,32.957,2
CC1CCC=C(C)C1C,38.489,1
C1CC1N1CC2(CN2)C1,32.872,2
CCC1C2OC1C1CC21,31.559,2
CCCC(C)C(C)(C)O,45.229,2
CC12NC1C1OC1C=C2,29.855,1
CC12CC1C1(CO1)C2=O,30.993,0
C1CC(C1)C1CC=CC1,33.046,1
OC1CC11CNC1C#N,31.804,1
C1C2C3OC4C3CC4N12,25.894,1
CC1=NC=C(F)C(N)=C1,31.052,0
CC1(CO)CCC2CN12,35.26,2
CC1N(C=O)C1(C)C#C,35.895,1
OC1CC2NC1CC2=O,29.675,1
C1CC2=C(O1)N=CN2,23.039,0
CN1C2CC1(C2)C#N,27.27,1
C1C=CC2C3C=CC2N13,27.177,0
COC12CC(C1C)C2C,36.859,2
NC(=O)C1C2COCC12,31.044,1
CC12CC3C1OCOC23,29.275,2
CC1C(C=O)C1(C)C,34.571,1
CC12C3N1CC2CC3=O,29.591,0
CC#CCC1OCC=C1,33.419,1
FC1=NC(=N)OC=N1,21.172,0
OCC#CC1=CC=CO1,29.88,0
CC(C)CC1(O)COC1,38.372,2
NC1=C(CO)C(=N)OC1,32.548,0
CN1C(C#N)C1C#N,27.007,1
[O-]C(=O)C12CC1C[NH2+]2,25.822,1
C1CNC2=C(C1)NC=N2,28.738,0
CCC(C)CC#CC=O,38.114,0
O=C1NC2C3C=CC1C23,26.209,1
COCC(=O)CN(C)C,38.585,0
FC1=CNC(=O)C=N1,22.343,0
OCCC12CNC1CO2,33.257,2
CC12C3CC1(OC23)C#N,29.273,1
OCC#CC1CN1,26.052,1
NC1=C(C=NO1)N(=O)=O,26.901,0
C1CC(O1)C1OCC=C1,29.896,1
CN=C1OCCC1CO,33.231,1
OC12CC3C1N3CC2=O,27.996,0
OC1C=C2CC3C1C23O,30.718,0
CC1(CC#N)OC1C#N,31.648,2
OC1COCC1(O)C#C,33.565,1
COC1=C(C)ON=C1C,33.644,1
NC1=C2C3CC3N2N=N1,26.924,0
COCC1CCC2OC12,32.88,2
CC1(C)C2OC(N)=NC12,33.695,1
CC12CCC3OC1C2O3,29.259,2
N=C1CCCOC(=O)O1,28.865,1
ON=C1CC=CC1,24.048,1
OC1CC2(CO2)C1C=O,31.972,1
CCC(OCC#N)C=O,34.551,1
C1CC2=CON=C2CO1,26.239,1
CC(CCOC=N)C=O,36.29,1
CC(C)(C#C)C(N)C#N,38.749,2
CC12OCCC1NC2=O,30.903,1
CC12CC(CC1O2)C#N,31.294,2
OCC1CCCCC=C1,35.647,1
C1OC2C3CC12N=CO3,25.999,1
C#CC1=CC2COC1O2,27.52,0
CC(O)C(C#C)C#C,33.759,2
CC1C2CC(=O)C1C2O,32.142,1
CC1CC2NC2C(C)O1,34.469,2
CC1COCC(N1)C=O,33.163,0
OC1C2CC11COCC21,29.769,2
O=C1COC2OC=NC12,24.976,0
CCCC1=C(C)COC1,36.919,1
CC1=NC(=O)C=C(O)N1,30.31,0
COC(C)C1OCCO1,34.525,2
CC1C(=O)C=CC11CN1,31.149,0
N=C1ON=NC(=O)C=N1,26.254,0
CCC1CC(C)C(O)C1,39.008,2
O=C1C2CC2C2CCC12,29.08,0
CC1=CN=C(N)C(F)=C1,30.911,0
OCC12CC1NC2C#N,31.542,1
OCC1C2OC1C2=NO,31.511,1
OC1(CCC#N)CC1,31.407,2
O=CC12C3CN=C1NC23,27.172,0
CC1=NN2CC(O)C2=N1,29.079,1
OCC12C3C=CC1CN23,29.471,1
CNC(=O)C1=NON=C1,28.097,0
CC1NC1C1OC1C,31.66,2
CCC(=O)N1CC(=O)C1,33.05,0
C1CC1C1C2C3CC3C12,31.777,1
CC12OC(C1O)C2=O,27.296,1
CC1OC1C(=N)OC=O,31.694,1
C1OC2C3C4C=CC12C34,26.142,1
CC1=C([O-])OC(C[NH3+])=C1,38.325,0
NC1=C(F)C(=N)NC=N1,29.184,0
COC1CC1(O)CCO,38.116,2
CCNC(=O)C(O)C#N,34.278,1
CCCC1C2C3OC3C12,33.413,2
CC(CCCO)C(N)=O,40.091,1
CC(O)C12OC1C1CC21,33.368,2
CC12C(O)C1COC2=N,32.077,1
CCC(C)N=C(N)C=O,38.623,0
CC1CC2OCC2C1C,34.248,2
CC1=C(O)OC(N)=C1O,34.858,1
CN1C=NC(=O)N=C1C,29.856,0
CCC(CC#CC)C#C,39.641,2
CCC1NC(=O)C2CC12,32.663,1
COCC12CC3CC1C23,32.209,2
CC#CC1NC(C)C1=O,34.64,0
O=C1C2CNC22COC12,27.32,0
CC12OCC3C1C2C3=O,29.029,1
O=CC12CC1C(O2)C#N,28.246,1
O1C=CC=C2C=CC=C12,25.545,0
CCOC(=O)N(C)CC,38.535,2
NC1=C[N-]C(=N)[NH+]=C1N,31.468,0
N=C1ON=CN1C1CC1,28.611,1
N#CCCC1=CN=CN1,29.181,1
CC12CC(O1)C2N1CC1,32.49,2
NC(=O)CC1=COC=N1,29.44,1
CN1CC1C12CC1CO2,32.362,2
COCC1=C(N)C=NO1,31.72,0
CCC1=C(NC)NC=C1,35.833,1
CC1OCCCC1CO,36.387,2
C1OC2CCC3OC3C12,28.362,2
OC1C(O)C11CC2OC12,31.397,2
CC1N2CC3CC1(C)C23,33.07,2
CCCC(C)OCC,38.292,2
CNC1=CN(C=O)N=N1,29.496,0
CC#CC(C)C#C,29.904,2
CCCC1(CN1)C#C,33.373,2
COC(C)(C)C1OC1C,40.183,2
OCC(=O)C12CC(C1)O2,30.822,0
CC1C2C3C(C)C2(O)C13,34.459,2
CC12CCC1=CCOC2,32.565,1
NC1=NC2=C(N1)N=NN2,26.17,0
CN1N=CC(=N)N=N1,24.686,0
CC1(C)NC1C1CO1,31.962,2
NC(=O)OCC(=O)C#C,32.463,0
CC#CC(=O)C#CCO,34.214,0
CC12CC1C(C=O)C2O,33.312,0
CC12COCC1(C)C2O,35.714,2
CC1=C(O)NC(CO)=C1,34.983,1
O=C1OCC2(CC2)CO1,29.038,2
CC1OCCC(O1)C#C,33.394,2
OC1C=CCC11CC1,28.931,1
